criterion_id(연구용 임시ID),criterion_type,locator_in_document,verbatim_text_or_value,unit,applies_to_facility_per_source,defined_in_document,source_url,raw_file,note
CR-01,홍수기 제한수위 / 시설별 최저 운영수위,[별표3] 댐의 홍수기 제한수위(제6조): 소양강댐,홍수기 제한수위 셀 원문='190.3'; 시설별 최저 운영수위 셀 원문='-',EL.m,소양강댐,"댐과 보 등의 연계운영규정 [별표3] (기후에너지환경부 훈령 제42호, 시행 2026-07-08)",http://www.law.go.kr/DRF/lawService.do?OC=test&target=admrul&ID=2100000282102&type=XML,01_raw/Law/admrul_2100000282102_댐과보등의연계운영규정_현행20260708.xml,
CR-02,홍수기 제한수위 / 시설별 최저 운영수위,[별표3] 댐의 홍수기 제한수위(제6조): 충주댐,홍수기 제한수위 셀 원문='138.0'; 시설별 최저 운영수위 셀 원문='-',EL.m,충주댐,"댐과 보 등의 연계운영규정 [별표3] (기후에너지환경부 훈령 제42호, 시행 2026-07-08)",http://www.law.go.kr/DRF/lawService.do?OC=test&target=admrul&ID=2100000282102&type=XML,01_raw/Law/admrul_2100000282102_댐과보등의연계운영규정_현행20260708.xml,
CR-03,홍수기 제한수위 / 시설별 최저 운영수위,[별표3] 댐의 홍수기 제한수위(제6조): 횡성댐,홍수기 제한수위 셀 원문='178.2'; 시설별 최저 운영수위 셀 원문='-',EL.m,횡성댐,"댐과 보 등의 연계운영규정 [별표3] (기후에너지환경부 훈령 제42호, 시행 2026-07-08)",http://www.law.go.kr/DRF/lawService.do?OC=test&target=admrul&ID=2100000282102&type=XML,01_raw/Law/admrul_2100000282102_댐과보등의연계운영규정_현행20260708.xml,
CR-04,홍수기 제한수위 / 시설별 최저 운영수위,[별표3] 댐의 홍수기 제한수위(제6조): 화천댐,홍수기 제한수위 셀 원문='175.0'; 시설별 최저 운영수위 셀 원문='-',EL.m,화천댐,"댐과 보 등의 연계운영규정 [별표3] (기후에너지환경부 훈령 제42호, 시행 2026-07-08)",http://www.law.go.kr/DRF/lawService.do?OC=test&target=admrul&ID=2100000282102&type=XML,01_raw/Law/admrul_2100000282102_댐과보등의연계운영규정_현행20260708.xml,
CR-05,홍수기 제한수위 / 시설별 최저 운영수위,[별표3] 댐의 홍수기 제한수위(제6조): 춘천댐,홍수기 제한수위 셀 원문='102.0'; 시설별 최저 운영수위 셀 원문='98.0',EL.m,춘천댐,"댐과 보 등의 연계운영규정 [별표3] (기후에너지환경부 훈령 제42호, 시행 2026-07-08)",http://www.law.go.kr/DRF/lawService.do?OC=test&target=admrul&ID=2100000282102&type=XML,01_raw/Law/admrul_2100000282102_댐과보등의연계운영규정_현행20260708.xml,
CR-06,홍수기 제한수위 / 시설별 최저 운영수위,[별표3] 댐의 홍수기 제한수위(제6조): 의암댐,홍수기 제한수위 셀 원문='70.5'; 시설별 최저 운영수위 셀 원문='67.0',EL.m,의암댐,"댐과 보 등의 연계운영규정 [별표3] (기후에너지환경부 훈령 제42호, 시행 2026-07-08)",http://www.law.go.kr/DRF/lawService.do?OC=test&target=admrul&ID=2100000282102&type=XML,01_raw/Law/admrul_2100000282102_댐과보등의연계운영규정_현행20260708.xml,
CR-07,홍수기 제한수위 / 시설별 최저 운영수위,[별표3] 댐의 홍수기 제한수위(제6조): 청평댐,홍수기 제한수위 셀 원문='50.0'; 시설별 최저 운영수위 셀 원문='46.0',EL.m,청평댐,"댐과 보 등의 연계운영규정 [별표3] (기후에너지환경부 훈령 제42호, 시행 2026-07-08)",http://www.law.go.kr/DRF/lawService.do?OC=test&target=admrul&ID=2100000282102&type=XML,01_raw/Law/admrul_2100000282102_댐과보등의연계운영규정_현행20260708.xml,
CR-08,홍수기 제한수위 / 시설별 최저 운영수위,[별표3] 댐의 홍수기 제한수위(제6조): 괴산댐,홍수기 제한수위 셀 원문='134.0'; 시설별 최저 운영수위 셀 원문='-',EL.m,괴산댐,"댐과 보 등의 연계운영규정 [별표3] (기후에너지환경부 훈령 제42호, 시행 2026-07-08)",http://www.law.go.kr/DRF/lawService.do?OC=test&target=admrul&ID=2100000282102&type=XML,01_raw/Law/admrul_2100000282102_댐과보등의연계운영규정_현행20260708.xml,
CR-09,홍수기 제한수위 / 시설별 최저 운영수위,[별표3] 댐의 홍수기 제한수위(제6조): 팔당댐,홍수기 제한수위 셀 원문='25.51)'; 시설별 최저 운영수위 셀 원문='-',EL.m,팔당댐,"댐과 보 등의 연계운영규정 [별표3] (기후에너지환경부 훈령 제42호, 시행 2026-07-08)",http://www.law.go.kr/DRF/lawService.do?OC=test&target=admrul&ID=2100000282102&type=XML,01_raw/Law/admrul_2100000282102_댐과보등의연계운영규정_현행20260708.xml,셀 값 뒤 숫자+')'는 각주 표시로 보임(별표 원문 주: 1) 표시의 댐은 홍수기 제한수위가 별도로 설정되어 있지 않아 상시만수위를 대신 표기)
CR-10,정의(홍수기 기간·연계운영·기준지점),제2조,"제2조(정의) 이 규정에서 사용하는 용어의 뜻은 다음과 같다. 1. ""연계운영""이란 수계별로 댐, 보, 둑높임 농업용저수지 등 하천시설 및 이에 준하여 관리하여야 하는 시설(이하 ‘시설’이라 한다)들을 유기적으로 연계하여 기준지점의 유량과 수위를 관리하는 것을 말한다. 2. ""기준지점""이란 홍수를 관리하기 위한 홍수예보지점과 하천수 사용 등을 고려하여 하천유량의 상황을 대표하는 하천유지유량 고시 지점을 말한다. 3. ""홍수기""란 홍수 피해가 발생할 가능성이 있는 6월 21일부터 9월 20일까지의 기간을 말한다. 4. ""갈수기""란 ""홍수기""를 제외한 나머지 기간을 말한다. 5. ""시설관리자""란 별표1에 따 른 시설을 직접 관리ㆍ운영하는 자를 말한다. 6. ""관계기관""이란 별표2에 따른 수계 내 시설관리자와 이와 관계가 있는 농림축산식품부, 국토교통부와 그 소속기관 및 해당 지방자치단체를 말한다. 7. 이 규정에서 정의하지 않은 용어는 관계 법령 및 규정을 준용한다.",,(연계운영 대상시설 전반; 별표1 참조),댐과 보 등의 연계운영규정 제2조,http://www.law.go.kr/DRF/lawService.do?OC=test&target=admrul&ID=2100000282102&type=XML,01_raw/Law/admrul_2100000282102_댐과보등의연계운영규정_현행20260708.xml,
CR-11,"홍수기 운영: 제한수위 준수, 수문조작 시 홍수통제소장 사전 승인, 저류공간 활용 지시",제6조,"제6조(홍수기 운영) ① 홍수기 중 시설관리자는 「자연재해대책법」, 「하천법」, 「수자원의 조사ㆍ계획 및 관리에 관한 법률」, 「댐 건설 및 주변지역지원 등에 관한 법률」 등 관련 법령과 그 밖의 관련 규정을 준수하여야 한다. ② 시설관리자는 각 시설의 홍수기 제한수위를 준수하여야 하고, 홍수조절을 위한 수문조작이 필요한 경우에는 홍수통제소장의 사전 승인을 받아야 한다. ③ 홍수통제소장은 하천에 홍수주의보 또는 경보의 발령이 필요하거나 홍수관련 피해 발생의 우려가 있다고 판단할 경우 기상, 하천 상황과 댐과 보의 저수량 상황 등 수계 전체 홍수 상황을 고려하여 시설물관리자에게 별표3에 따라 시설별 최저 운영수위까지의 저류공간을 홍수조절에 이용하는 등 필요한 조치를 지시할 수 있다.",,(연계운영 대상시설 전반; 별표1 참조),댐과 보 등의 연계운영규정 제6조,http://www.law.go.kr/DRF/lawService.do?OC=test&target=admrul&ID=2100000282102&type=XML,01_raw/Law/admrul_2100000282102_댐과보등의연계운영규정_현행20260708.xml,Approval 개념의 규범적 근거 조문(실제 승인 record 아님)
CR-12,갈수기 운영,제7조,"제7조(갈수기 운영) ① 갈수기 중 시설관리자는 「자연재해대책법」, 「하천법」, 「수자원의 조사ㆍ계획 및 관리에 관한 법률」 등 관련 법령을 준수하고 연계운영계획에 따라 시설을 운영하여야 한다. ② 홍수통제소장은 하천유량의 상황을 대표할 수 있는 하천유지유량 고시 지점에 대하여 갈수상황이 발생할 우려가 있다고 판단할 경우 기상, 하천 상황과 댐과 보 및 둑높임 농업용 저수지의 저수량, 물사용 현황 등 수계 전체 물수급 상황을 고려하여 시설물관리자에게 필요한 조치를 지시할 수 있다.",,(연계운영 대상시설 전반; 별표1 참조),댐과 보 등의 연계운영규정 제7조,http://www.law.go.kr/DRF/lawService.do?OC=test&target=admrul&ID=2100000282102&type=XML,01_raw/Law/admrul_2100000282102_댐과보등의연계운영규정_현행20260708.xml,
CR-13,연계운영 모니터링 및 조치,제11조,"제11조(연계운영 모니터링 등) ① 홍수통제소장은 시설관리자에 대해 제9조에 따라 수립된 연계운영계획 이행 여부를 모니터링하고 계획과 차질이 발생할 경우 관련 사유를 제출하게 하거나 계획의 조정, 이행을 지시할 수 있다. ② 홍수통제소장은 제6조부터 제8조까지의 사항을 상시 모니터링하고 필요한 경우 관계기관과의 협의를 통하여 방류 등의 조치를 취할 수 있다. 다만, 홍수예보ㆍ갈수예보 및 수질오염 경보가 발령된 경우에는 관련 규정에 따른다.",,(연계운영 대상시설 전반; 별표1 참조),댐과 보 등의 연계운영규정 제11조,http://www.law.go.kr/DRF/lawService.do?OC=test&target=admrul&ID=2100000282102&type=XML,01_raw/Law/admrul_2100000282102_댐과보등의연계운영규정_현행20260708.xml,
CR-14,운영실적 평가 항목(월별 저수위·유입량·방류량 등),제13조,"제13조(운영실적 평가) ① 홍수통제소장은 다음 각 호의 내용을 포함하여 연 1회 연계운영의 실적을 평가하여야 한다. 1. 댐, 보 및 둑높임 농업용저수지 시설관리자 : 월별 저수위, 유입량, 방류량, 발전량 등 운영실적 2. 물 사용 시설관리자 : 월별 사용량, 월평균ㆍ최대ㆍ최소사용량 등 운영실적 3. 그 밖의 운영자료 ② 홍수통제소장은 제1항에 따른 운영실적 평가 결과 연계운영에 개선이 필요할 경우 댐ㆍ보 등의 연계운영협의회에 안건으로 상정할 수 있다.",,(연계운영 대상시설 전반; 별표1 참조),댐과 보 등의 연계운영규정 제13조,http://www.law.go.kr/DRF/lawService.do?OC=test&target=admrul&ID=2100000282102&type=XML,01_raw/Law/admrul_2100000282102_댐과보등의연계운영규정_현행20260708.xml,
CR-15,비상방류(통보·요청·지시),제14조,"제14조(비상방류) ① 시설관리자는 예상치 못한 기상변화, 하천의 유량 및 수질변화, 안전관리 등과 관련한 긴급한 사유가 발생하여 방류량을 조정할 필요가 있는 경우에 방류량을 조정하고 그 결과를 관할 홍수통제소장에게 지체없이 통보하여야 한다. ② 관계기관은 기상변화, 하천의 유량 및 수질변화와 안전관리 등과 관련한 긴급한 사유가 발생한 경우에 관할 홍수통제소장에게 비상방류를 요청할 수 있다. ③ 제2항에 따라 비상방류를 요청받은 관할 홍수통제소장은 물수급 상황을 고려하여 필요할 경우 시설관리자에게 비상방류를 지시할 수 있으며, 시설관리자는 시설사용에 지장을 주지 않는 한 이에 따라야 한다.",,(연계운영 대상시설 전반; 별표1 참조),댐과 보 등의 연계운영규정 제14조,http://www.law.go.kr/DRF/lawService.do?OC=test&target=admrul&ID=2100000282102&type=XML,01_raw/Law/admrul_2100000282102_댐과보등의연계운영규정_현행20260708.xml,Operation 개념의 규범적 근거 조문(실제 운영 record 아님)
