document_id(연구용 임시ID),title_or_filename,organization,type,source_url,raw_file,bytes,sha256,note
DOC-01,댐과보등의연계운영규정_일부개정전문_20260708.hwpx,기후에너지환경부(법제처 게재),원본 첨부파일(PDF/HWPX),https://www.law.go.kr/LSW/flDownload.do (flSeq는 admrul XML 첨부파일링크 참조),01_raw/Regulations/댐과보등의연계운영규정_일부개정전문_20260708.hwpx,63475,792e17f49a39cb0f9055450c6c08c0f1946f0074756de52367e9d4ae0e366b60,댐과 보 등의 연계운영규정 훈령 제42호 시행 2026-07-08 첨부
DOC-02,댐과보등의연계운영규정_일부개정전문_20260708.pdf,기후에너지환경부(법제처 게재),원본 첨부파일(PDF/HWPX),https://www.law.go.kr/LSW/flDownload.do (flSeq는 admrul XML 첨부파일링크 참조),01_raw/Regulations/댐과보등의연계운영규정_일부개정전문_20260708.pdf,361831,f6f0696974d3772798bac0f7ab31bf4b37f06745bed2f4049913f959ef1f7c2c,댐과 보 등의 연계운영규정 훈령 제42호 시행 2026-07-08 첨부
DOC-03,별표서식_별표1_연계운영대상시설.hwpx,기후에너지환경부(법제처 게재),원본 첨부파일(PDF/HWPX),https://www.law.go.kr/LSW/flDownload.do (flSeq는 admrul XML 첨부파일링크 참조),01_raw/Regulations/별표서식_별표1_연계운영대상시설.hwpx,17230,e2fb7c9423603543b9be2d7e1093c5799f4cee8e29fc90d8440b08b98716cb8f,댐과 보 등의 연계운영규정 훈령 제42호 시행 2026-07-08 첨부
DOC-04,별표서식_별표1_연계운영대상시설.pdf,기후에너지환경부(법제처 게재),원본 첨부파일(PDF/HWPX),https://www.law.go.kr/LSW/flDownload.do (flSeq는 admrul XML 첨부파일링크 참조),01_raw/Regulations/별표서식_별표1_연계운영대상시설.pdf,75383,74d9b9b2d373e6cdee7a2a6f6d6b7a5d1bc0f069f6b212ed6818a48947713c3f,댐과 보 등의 연계운영규정 훈령 제42호 시행 2026-07-08 첨부
DOC-05,지구단위홍수방어기준_시행20170726,법제처 국가법령정보 공동활용(DRF),행정규칙 XML,http://www.law.go.kr/DRF/lawService.do (OC=test),01_raw/Law/admrul_2100000093672_지구단위홍수방어기준_시행20170726.xml,34208,6b51767bb2b6c4047fa7c7d45b3e9dd872d1b9cce883459694275922d435186a,
DOC-06,한강권역하천유역수자원관리계획고시_시행20250521,법제처 국가법령정보 공동활용(DRF),행정규칙 XML,http://www.law.go.kr/DRF/lawService.do (OC=test),01_raw/Law/admrul_2100000259512_한강권역하천유역수자원관리계획고시_시행20250521.xml,2717,0da85843fd557ea488cccca3f31ddf3eb76b985909fba6e51786c9f998b6cf06,한강권역 하천유역수자원관리계획 고시는 2.7KB 고시문만 수집(계획 본문/첨부 미수집)
DOC-07,댐시설최소유지관리기준_시행20251001,법제처 국가법령정보 공동활용(DRF),행정규칙 XML,http://www.law.go.kr/DRF/lawService.do (OC=test),01_raw/Law/admrul_2100000264992_댐시설최소유지관리기준_시행20251001.xml,44343,14b7c0967e3e4247ef7f954b2e258bec0b0deac9e79777983d7ef32a6c54b7da,
DOC-08,수문자료의공인및저장배포활용기준_시행20251007,법제처 국가법령정보 공동활용(DRF),행정규칙 XML,http://www.law.go.kr/DRF/lawService.do (OC=test),01_raw/Law/admrul_2100000266718_수문자료의공인및저장배포활용기준_시행20251007.xml,191425,9351866c3bb8732c5dff87e4949a7cb3221d633feeb1ba683d4713693eeba84e,
DOC-09,홍수조절지및저류지관리규정_시행20251105,법제처 국가법령정보 공동활용(DRF),행정규칙 XML,http://www.law.go.kr/DRF/lawService.do (OC=test),01_raw/Law/admrul_2100000267012_홍수조절지및저류지관리규정_시행20251105.xml,29673,75ec379f8152278be2f8b83e45ef10bce3c353a0ee2f399b18d781efaa5d4691,
DOC-10,수문조사업무규정_시행20251111,법제처 국가법령정보 공동활용(DRF),행정규칙 XML,http://www.law.go.kr/DRF/lawService.do (OC=test),01_raw/Law/admrul_2100000267736_수문조사업무규정_시행20251111.xml,153421,48e6b064f1d543727345b235f3cb4daeacc9d9437299faea4e9d1c3447394651,
DOC-11,댐과보등의연계운영규정_현행20260708,법제처 국가법령정보 공동활용(DRF),행정규칙 XML,http://www.law.go.kr/DRF/lawService.do (OC=test),01_raw/Law/admrul_2100000282102_댐과보등의연계운영규정_현행20260708.xml,48146,8ce5e1e198fb795afdc964057db922cf49b30e8d95dd36e47c45f8d7bbe9fe44,
DOC-12,저수지댐의안전관리및재해예방에관한법률_시행20251001,법제처 국가법령정보 공동활용(DRF),법령 XML,http://www.law.go.kr/DRF/lawService.do (OC=test),01_raw/Law/law_276329_저수지댐의안전관리및재해예방에관한법률_시행20251001.xml,107639,0ae62deed1dac2f56c22484beea7b752760570fa395a98362d49b3b60c140faf,
DOC-13,댐건설관리및주변지역지원등에관한법률_시행20260918,법제처 국가법령정보 공동활용(DRF),법령 XML,http://www.law.go.kr/DRF/lawService.do (OC=test),01_raw/Law/law_284331_댐건설관리및주변지역지원등에관한법률_시행20260918.xml,193909,4c726377700408c7b5f80e710a3cbf143a61d51462b84473b4daffa59de173ba,
DOC-14,하천법_시행20260918,법제처 국가법령정보 공동활용(DRF),법령 XML,http://www.law.go.kr/DRF/lawService.do (OC=test),01_raw/Law/law_284435_하천법_시행20260918.xml,298986,da93ecfa8fc6f6ca0474352051f2170097b23d155877304628cf3229b585c56b,
DOC-15,하천법시행령_시행20260918,법제처 국가법령정보 공동활용(DRF),법령 XML,http://www.law.go.kr/DRF/lawService.do (OC=test),01_raw/Law/law_289703_하천법시행령_시행20260918.xml,323942,f5d08be539f2c19bed605ddb20ff86469088c1e7774572757b44a5ea0f669856,
DOC-16,댐건설관리및주변지역지원등에관한법률시행령_시행20260918,법제처 국가법령정보 공동활용(DRF),법령 XML,http://www.law.go.kr/DRF/lawService.do (OC=test),01_raw/Law/law_289707_댐건설관리및주변지역지원등에관한법률시행령_시행20260918.xml,234745,c373a305b7fa3981e02bcba9512b5467ad23dc4dc78811e812810c0967b220d4,
DOC-17,kwater_damInfo.html,K-water/KHNP/기상청/공공데이터포털,"웹페이지 스냅샷(HTML, 2026-09-29 UTC)",(파일명·source_catalog 참조),01_raw/KWater/pages/kwater_damInfo.html,185622,e5977f8f146c5210c7c8fe70960bb64b805ce035fdf1eb748e446e0893547844,
DOC-18,kwater_facilities_02.html,K-water/KHNP/기상청/공공데이터포털,"웹페이지 스냅샷(HTML, 2026-09-29 UTC)",(파일명·source_catalog 참조),01_raw/KWater/pages/kwater_facilities_02.html,213258,d93c46623f726e54fff743eb1cb8deb97f92f1e73d9d7040f70fe81f496ed821,
DOC-19,kwater_facilities_a.html,K-water/KHNP/기상청/공공데이터포털,"웹페이지 스냅샷(HTML, 2026-09-29 UTC)",(파일명·source_catalog 참조),01_raw/KWater/pages/kwater_facilities_a.html,226037,79065219d55a7aa0de654a5be3733bffb05b3c59b4e1d1f9d0af608191e7d594,
DOC-20,kwater_facilities_all.html,K-water/KHNP/기상청/공공데이터포털,"웹페이지 스냅샷(HTML, 2026-09-29 UTC)",(파일명·source_catalog 참조),01_raw/KWater/pages/kwater_facilities_all.html,194203,161524faaa3686ee2245d2c033739e29831a92f2f8e218b019b97c2a91a994b4,
DOC-21,mywater_flood_operation_status_2026-09-29.html,K-water/KHNP/기상청/공공데이터포털,"웹페이지 스냅샷(HTML, 2026-09-29 UTC)",(파일명·source_catalog 참조),01_raw/KWater/pages/mywater_flood_operation_status_2026-09-29.html,275220,091f6d501e300dafa9328da11a24529657f88f62d85ef37e09e74fd03ea6fd24,
DOC-22,mywater_period_page_2026-09-29.html,K-water/KHNP/기상청/공공데이터포털,"웹페이지 스냅샷(HTML, 2026-09-29 UTC)",(파일명·source_catalog 참조),01_raw/KWater/pages/mywater_period_page_2026-09-29.html,213245,f72c9426780e2d6d65d1b590120298e96ee0c98fb282fa9ea05a837b411c329a,
DOC-23,mywater_sumun_page_2026-09-29.html,K-water/KHNP/기상청/공공데이터포털,"웹페이지 스냅샷(HTML, 2026-09-29 UTC)",(파일명·source_catalog 참조),01_raw/KWater/pages/mywater_sumun_page_2026-09-29.html,400418,5e729d51630d07fa2b578fe35ece02b3bb2c1fc8ee188ab1e24d9f039a3a6c80,
DOC-24,khnp_index.html,K-water/KHNP/기상청/공공데이터포털,"웹페이지 스냅샷(HTML, 2026-09-29 UTC)",(파일명·source_catalog 참조),01_raw/KHNP/pages/khnp_index.html,268426,e8820a8fa82ccb50f9946e853972fd88015dd9bfa40fb0ca3eec527fd4a95805,
DOC-25,khnp_realtime_water.html,K-water/KHNP/기상청/공공데이터포털,"웹페이지 스냅샷(HTML, 2026-09-29 UTC)",(파일명·source_catalog 참조),01_raw/KHNP/pages/khnp_realtime_water.html,98846,7576b046f19b0930087cbab1392765ce40735c9c5bf4b37d1a964dc79d30a523,
DOC-26,khnp_root.html,K-water/KHNP/기상청/공공데이터포털,"웹페이지 스냅샷(HTML, 2026-09-29 UTC)",(파일명·source_catalog 참조),01_raw/KHNP/pages/khnp_root.html,321,170f27f34789b089d1555e9c6daf495d2be87b73d0b390942e61a1027ecc582d,
DOC-27,kma_api_list.html,K-water/KHNP/기상청/공공데이터포털,"웹페이지 스냅샷(HTML, 2026-09-29 UTC)",(파일명·source_catalog 참조),01_raw/KMA/pages/kma_api_list.html,119948,f1ca7e58dceb4bd846de3e0060e997e41c69e67bb9300b7baa80ac0dcf61cb76,
DOC-28,kma_asos_hourly_page.html,K-water/KHNP/기상청/공공데이터포털,"웹페이지 스냅샷(HTML, 2026-09-29 UTC)",(파일명·source_catalog 참조),01_raw/KMA/pages/kma_asos_hourly_page.html,231469,4b6d74df49cd2ca5d94dcd066fed786dc7fd6df50cc8db36009f4a37d1485ed5,
DOC-29,kma_main.html,K-water/KHNP/기상청/공공데이터포털,"웹페이지 스냅샷(HTML, 2026-09-29 UTC)",(파일명·source_catalog 참조),01_raw/KMA/pages/kma_main.html,108027,65e050fc39d04ce1d8b3dd0f562d3967fda6c60a3c7bc09a254069e66013edd8,
DOC-30,kma_stat_page.html,K-water/KHNP/기상청/공공데이터포털,"웹페이지 스냅샷(HTML, 2026-09-29 UTC)",(파일명·source_catalog 참조),01_raw/KMA/pages/kma_stat_page.html,184270,f9d4cbb25a2148a30673c39b63c3e1c0eb94639088629f03d36dbbbb342ba11d,
DOC-31,15099047.html,K-water/KHNP/기상청/공공데이터포털,"웹페이지 스냅샷(HTML, 2026-09-29 UTC)",(파일명·source_catalog 참조),01_raw/DataGoKr/catalog_pages/15099047.html,211938,3541a21d9816b1606429c811e6fbf9e1fe44595cdb86f33ceb072ceaa4ee06b0,
DOC-32,15099049.html,K-water/KHNP/기상청/공공데이터포털,"웹페이지 스냅샷(HTML, 2026-09-29 UTC)",(파일명·source_catalog 참조),01_raw/DataGoKr/catalog_pages/15099049.html,212054,23c54712d6d5dcc48f48576f00ab7bac8c2749b9e755adf1e02061ee34fe9978,
DOC-33,15099105.html,K-water/KHNP/기상청/공공데이터포털,"웹페이지 스냅샷(HTML, 2026-09-29 UTC)",(파일명·source_catalog 참조),01_raw/DataGoKr/catalog_pages/15099105.html,200835,4993cde1ec93a36022fd4a00379b1279ab368da6f596e0ef992fa3e7dd088d3e,
DOC-34,15099107.html,K-water/KHNP/기상청/공공데이터포털,"웹페이지 스냅샷(HTML, 2026-09-29 UTC)",(파일명·source_catalog 참조),01_raw/DataGoKr/catalog_pages/15099107.html,206541,39e53a38e71dd6280782f902c293841760ce86c3459bc796c0380e36ffc4b6f7,
DOC-35,15099110.html,K-water/KHNP/기상청/공공데이터포털,"웹페이지 스냅샷(HTML, 2026-09-29 UTC)",(파일명·source_catalog 참조),01_raw/DataGoKr/catalog_pages/15099110.html,207981,01b4fc229f1617094d221f7e180d6acaf21369325395f696235d6c7b4901569b,
DOC-36,15140222.html,K-water/KHNP/기상청/공공데이터포털,"웹페이지 스냅샷(HTML, 2026-09-29 UTC)",(파일명·source_catalog 참조),01_raw/DataGoKr/catalog_pages/15140222.html,206605,c7bf582497594213b17cc8fba3b9370113d10375d21ed19ea8fc358be19e434f,
DOC-37,15150614.html,K-water/KHNP/기상청/공공데이터포털,"웹페이지 스냅샷(HTML, 2026-09-29 UTC)",(파일명·source_catalog 참조),01_raw/DataGoKr/catalog_pages/15150614.html,178390,0f47266718522a0479b6e3c5928c6dc638424706ce19eeb6c4380bcf6c3e6993,
DOC-38,15150667.html,K-water/KHNP/기상청/공공데이터포털,"웹페이지 스냅샷(HTML, 2026-09-29 UTC)",(파일명·source_catalog 참조),01_raw/DataGoKr/catalog_pages/15150667.html,178427,51b2a6d2e9e4233204f3c8fa917cbf8df28ef5fabf47a7913d3f767d7847a19a,
DOC-39,15153328.html,K-water/KHNP/기상청/공공데이터포털,"웹페이지 스냅샷(HTML, 2026-09-29 UTC)",(파일명·source_catalog 참조),01_raw/DataGoKr/catalog_pages/15153328.html,178419,f52db9cc98ef3385448d7b0d5fc5891108a0e0d07b0ed1e160fb6e5ac0b83648,
DOC-40,15153508.html,K-water/KHNP/기상청/공공데이터포털,"웹페이지 스냅샷(HTML, 2026-09-29 UTC)",(파일명·source_catalog 참조),01_raw/DataGoKr/catalog_pages/15153508.html,178412,afe10b8d0167d84628790cc41aa3ed79663ed7377ec411d8c50ab8bc35cdd416,
DOC-41,3040409.html,K-water/KHNP/기상청/공공데이터포털,"웹페이지 스냅샷(HTML, 2026-09-29 UTC)",(파일명·source_catalog 참조),01_raw/DataGoKr/catalog_pages/3040409.html,179011,d1c492446cdc1c6cbd0bd3e5304b4ed8fb952fe72e5320e2fecdca11495f612c,
