source_system_a,source_code_a,source_name_a,source_system_b,source_code_b,source_name_b,evidence_source,evidence_locator,candidate_status,match_basis,note
HRFCO 방류승인 CSV(data.go.kr 15085926),1017310,팔당댐,(K-water MyWater: 대응 코드 없음),,,03_normalized/approval_facility_code_crosswalk.csv,relation_status=no MyWater counterpart collected,UNRESOLVED,no counterpart in collected K-water list,한국수력원자력 운영 시설로 추정(승인 요청 기관은 K-water·KHNP 두 곳이라는 데이터셋 설명만 있음; 시설별 운영기관 명시 없음)
HRFCO 방류승인 CSV(data.go.kr 15085926),1004310,괴산댐,(K-water MyWater: 대응 코드 없음),,,03_normalized/approval_facility_code_crosswalk.csv,relation_status=no MyWater counterpart collected,UNRESOLVED,no counterpart in collected K-water list,한국수력원자력 운영 시설로 추정(승인 요청 기관은 K-water·KHNP 두 곳이라는 데이터셋 설명만 있음; 시설별 운영기관 명시 없음)
HRFCO 방류승인 CSV(data.go.kr 15085926),1015310,청평댐,(K-water MyWater: 대응 코드 없음),,,03_normalized/approval_facility_code_crosswalk.csv,relation_status=no MyWater counterpart collected,UNRESOLVED,no counterpart in collected K-water list,한국수력원자력 운영 시설로 추정(승인 요청 기관은 K-water·KHNP 두 곳이라는 데이터셋 설명만 있음; 시설별 운영기관 명시 없음)
HRFCO 방류승인 CSV(data.go.kr 15085926),1013310,의암댐,(K-water MyWater: 대응 코드 없음),,,03_normalized/approval_facility_code_crosswalk.csv,relation_status=no MyWater counterpart collected,UNRESOLVED,no counterpart in collected K-water list,한국수력원자력 운영 시설로 추정(승인 요청 기관은 K-water·KHNP 두 곳이라는 데이터셋 설명만 있음; 시설별 운영기관 명시 없음)
HRFCO 방류승인 CSV(data.go.kr 15085926),1010320,춘천댐,(K-water MyWater: 대응 코드 없음),,,03_normalized/approval_facility_code_crosswalk.csv,relation_status=no MyWater counterpart collected,UNRESOLVED,no counterpart in collected K-water list,한국수력원자력 운영 시설로 추정(승인 요청 기관은 K-water·KHNP 두 곳이라는 데이터셋 설명만 있음; 시설별 운영기관 명시 없음)
HRFCO 방류승인 CSV(data.go.kr 15085926),1010310,화천댐,(K-water MyWater: 대응 코드 없음),,,03_normalized/approval_facility_code_crosswalk.csv,relation_status=no MyWater counterpart collected,UNRESOLVED,no counterpart in collected K-water list,한국수력원자력 운영 시설로 추정(승인 요청 기관은 K-water·KHNP 두 곳이라는 데이터셋 설명만 있음; 시설별 운영기관 명시 없음)
HRFCO 방류승인 CSV(data.go.kr 15085926),1007802,여주보,K-water MyWater DAM_CD,1007602,여주보,03_normalized/approval_facility_code_crosswalk.csv; 03_normalized/dam_catalog.csv,"명칭 동일(접미 ""보"")·코드 상이",UNRESOLVED,"equal name, DIFFERENT code",코드가 서로 다른 공식 목록이 같은 물리 시설을 가리키는지 근거 없음(체계 차이일 가능성/별개 시설일 가능성 모두 열려 있음)
HRFCO 방류승인 CSV(data.go.kr 15085926),1007803,이포보,K-water MyWater DAM_CD,1007603,이포보,03_normalized/approval_facility_code_crosswalk.csv; 03_normalized/dam_catalog.csv,"명칭 동일(접미 ""보"")·코드 상이",UNRESOLVED,"equal name, DIFFERENT code",코드가 서로 다른 공식 목록이 같은 물리 시설을 가리키는지 근거 없음(체계 차이일 가능성/별개 시설일 가능성 모두 열려 있음)
HRFCO 방류승인 CSV(data.go.kr 15085926),1007801,강천보,K-water MyWater DAM_CD,1007601,강천보,03_normalized/approval_facility_code_crosswalk.csv; 03_normalized/dam_catalog.csv,"명칭 동일(접미 ""보"")·코드 상이",UNRESOLVED,"equal name, DIFFERENT code",코드가 서로 다른 공식 목록이 같은 물리 시설을 가리키는지 근거 없음(체계 차이일 가능성/별개 시설일 가능성 모두 열려 있음)
HRFCO 방류승인 CSV(data.go.kr 15085926),1001210,광동,K-water MyWater DAM_CD,1001210,광동댐,"03_normalized/approval_facility_code_crosswalk.csv (approval code=1001210); 03_normalized/dam_catalog.csv (MyWater DAM_CD=1001210); 01_raw/DataGoKr/catalog_pages/15140222.html ""참고사항(댐코드_DAMCD)"" 1001210 광동","코드 동일; 명칭 동일(접미 ""댐"" 제외 비교)",POSSIBLE_SAME,same code + equal name (modulo 댐 suffix) in two official listings,"두 공식 목록이 같은 코드 체계를 공유한다는 명시적 서술 또는 공식 대응표는 확보하지 못함 → VERIFIED_SAME 불가(공식 crosswalk 필요, HRFCO 댐 관측소 코드표/WAMIS 접근 불가)"
HRFCO 방류승인 CSV(data.go.kr 15085926),1006110,횡성,K-water MyWater DAM_CD,1006110,횡성댐,"03_normalized/approval_facility_code_crosswalk.csv (approval code=1006110); 03_normalized/dam_catalog.csv (MyWater DAM_CD=1006110); 01_raw/DataGoKr/catalog_pages/15140222.html ""참고사항(댐코드_DAMCD)"" 1006110 횡성","코드 동일; 명칭 동일(접미 ""댐"" 제외 비교)",POSSIBLE_SAME,same code + equal name (modulo 댐 suffix) in two official listings,"두 공식 목록이 같은 코드 체계를 공유한다는 명시적 서술 또는 공식 대응표는 확보하지 못함 → VERIFIED_SAME 불가(공식 crosswalk 필요, HRFCO 댐 관측소 코드표/WAMIS 접근 불가)"
HRFCO 방류승인 CSV(data.go.kr 15085926),1003611,충주조정지,K-water MyWater DAM_CD,1003611,충주조정지,03_normalized/approval_facility_code_crosswalk.csv (approval code=1003611); 03_normalized/dam_catalog.csv (MyWater DAM_CD=1003611),"코드 동일; 명칭 동일(접미 ""댐"" 제외 비교)",POSSIBLE_SAME,same code + equal name (modulo 댐 suffix) in two official listings,"두 공식 목록이 같은 코드 체계를 공유한다는 명시적 서술 또는 공식 대응표는 확보하지 못함 → VERIFIED_SAME 불가(공식 crosswalk 필요, HRFCO 댐 관측소 코드표/WAMIS 접근 불가)"
HRFCO 방류승인 CSV(data.go.kr 15085926),1003110,충주,K-water MyWater DAM_CD,1003110,충주댐,"03_normalized/approval_facility_code_crosswalk.csv (approval code=1003110); 03_normalized/dam_catalog.csv (MyWater DAM_CD=1003110); 01_raw/DataGoKr/catalog_pages/15140222.html ""참고사항(댐코드_DAMCD)"" 1003110 충주","코드 동일; 명칭 동일(접미 ""댐"" 제외 비교)",POSSIBLE_SAME,same code + equal name (modulo 댐 suffix) in two official listings,"두 공식 목록이 같은 코드 체계를 공유한다는 명시적 서술 또는 공식 대응표는 확보하지 못함 → VERIFIED_SAME 불가(공식 crosswalk 필요, HRFCO 댐 관측소 코드표/WAMIS 접근 불가)"
HRFCO 방류승인 CSV(data.go.kr 15085926),1012110,소양강,K-water MyWater DAM_CD,1012110,소양강댐,"03_normalized/approval_facility_code_crosswalk.csv (approval code=1012110); 03_normalized/dam_catalog.csv (MyWater DAM_CD=1012110); 01_raw/DataGoKr/catalog_pages/15140222.html ""참고사항(댐코드_DAMCD)"" 1012110 소양강","코드 동일; 명칭 동일(접미 ""댐"" 제외 비교)",POSSIBLE_SAME,same code + equal name (modulo 댐 suffix) in two official listings,"두 공식 목록이 같은 코드 체계를 공유한다는 명시적 서술 또는 공식 대응표는 확보하지 못함 → VERIFIED_SAME 불가(공식 crosswalk 필요, HRFCO 댐 관측소 코드표/WAMIS 접근 불가)"
HRFCO 방류승인 CSV(data.go.kr 15085926),1302210,달방,K-water MyWater DAM_CD,1302210,,03_normalized/approval_facility_code_crosswalk.csv; 03_normalized/dam_catalog.csv,"명칭 동일(접미 ""보"")·코드 상이",UNRESOLVED,"equal name, DIFFERENT code",코드가 서로 다른 공식 목록이 같은 물리 시설을 가리키는지 근거 없음(체계 차이일 가능성/별개 시설일 가능성 모두 열려 있음)
HRFCO 방류승인 CSV(data.go.kr 15085926),1021701,군남,K-water MyWater DAM_CD,1021701,군남댐,"03_normalized/approval_facility_code_crosswalk.csv (approval code=1021701); 03_normalized/dam_catalog.csv (MyWater DAM_CD=1021701); 01_raw/DataGoKr/catalog_pages/15140222.html ""참고사항(댐코드_DAMCD)"" 1021701 군남","코드 동일; 명칭 동일(접미 ""댐"" 제외 비교)",POSSIBLE_SAME,same code + equal name (modulo 댐 suffix) in two official listings,"두 공식 목록이 같은 코드 체계를 공유한다는 명시적 서술 또는 공식 대응표는 확보하지 못함 → VERIFIED_SAME 불가(공식 crosswalk 필요, HRFCO 댐 관측소 코드표/WAMIS 접근 불가)"
HRFCO 방류승인 CSV(data.go.kr 15085926),1010310,화천댐,KHNP 수력발전소 수문자료 OpenAPI(data.go.kr 15157779) genName,3110,화천수력발전소,01_raw/DataGoKr/catalog_pages/15157779.html (○ genName 코드표),코드 체계 상이; 명칭만 일치,POSSIBLE_SAME,equal facility name only,"KHNP API 대상은 ""수력발전소""(plant)이고 승인 파일 대상은 ""댐"" — 엔티티 유형(plant vs dam)이 같은지 근거 없음"
HRFCO 방류승인 CSV(data.go.kr 15085926),1010320,춘천댐,KHNP 수력발전소 수문자료 OpenAPI(data.go.kr 15157779) genName,3120,춘천수력발전소,01_raw/DataGoKr/catalog_pages/15157779.html (○ genName 코드표),코드 체계 상이; 명칭만 일치,POSSIBLE_SAME,equal facility name only,"KHNP API 대상은 ""수력발전소""(plant)이고 승인 파일 대상은 ""댐"" — 엔티티 유형(plant vs dam)이 같은지 근거 없음"
HRFCO 방류승인 CSV(data.go.kr 15085926),1013310,의암댐,KHNP 수력발전소 수문자료 OpenAPI(data.go.kr 15157779) genName,3140,의암수력발전소,01_raw/DataGoKr/catalog_pages/15157779.html (○ genName 코드표),코드 체계 상이; 명칭만 일치,POSSIBLE_SAME,equal facility name only,"KHNP API 대상은 ""수력발전소""(plant)이고 승인 파일 대상은 ""댐"" — 엔티티 유형(plant vs dam)이 같은지 근거 없음"
HRFCO 방류승인 CSV(data.go.kr 15085926),1015310,청평댐,KHNP 수력발전소 수문자료 OpenAPI(data.go.kr 15157779) genName,3150,청평수력발전소,01_raw/DataGoKr/catalog_pages/15157779.html (○ genName 코드표),코드 체계 상이; 명칭만 일치,POSSIBLE_SAME,equal facility name only,"KHNP API 대상은 ""수력발전소""(plant)이고 승인 파일 대상은 ""댐"" — 엔티티 유형(plant vs dam)이 같은지 근거 없음"
HRFCO 방류승인 CSV(data.go.kr 15085926),1017310,팔당댐,KHNP 수력발전소 수문자료 OpenAPI(data.go.kr 15157779) genName,3160,팔당수력발전소,01_raw/DataGoKr/catalog_pages/15157779.html (○ genName 코드표),코드 체계 상이; 명칭만 일치,POSSIBLE_SAME,equal facility name only,"KHNP API 대상은 ""수력발전소""(plant)이고 승인 파일 대상은 ""댐"" — 엔티티 유형(plant vs dam)이 같은지 근거 없음"
HRFCO 방류승인 CSV(data.go.kr 15085926),1004310,괴산댐,KHNP 수력발전소 수문자료 OpenAPI(data.go.kr 15157779) genName,3170,괴산수력발전소,01_raw/DataGoKr/catalog_pages/15157779.html (○ genName 코드표),코드 체계 상이; 명칭만 일치,POSSIBLE_SAME,equal facility name only,"KHNP API 대상은 ""수력발전소""(plant)이고 승인 파일 대상은 ""댐"" — 엔티티 유형(plant vs dam)이 같은지 근거 없음"
HRFCO 방류승인 CSV(data.go.kr 15085926),1017310,팔당댐,연계운영규정 [별표3] (시행 2026-07-08),(코드 없음),팔 당 댐,03_normalized/criterion_version_history.csv; 01_raw/Law_history/admrul_2100000282102_댐과보등의연계운영규정_시행20260708.xml,[별표3] 댐 명 열,POSSIBLE_SAME,equal name (modulo 댐 suffix); regulation has no facility code,규정 시설 목록은 코드 없이 명칭만 사용 — Criterion–Dam 연결은 명칭 일치에 의존(공식 코드 대응 없음)
HRFCO 방류승인 CSV(data.go.kr 15085926),1004310,괴산댐,연계운영규정 [별표3] (시행 2026-07-08),(코드 없음),괴 산 댐,03_normalized/criterion_version_history.csv; 01_raw/Law_history/admrul_2100000282102_댐과보등의연계운영규정_시행20260708.xml,[별표3] 댐 명 열,POSSIBLE_SAME,equal name (modulo 댐 suffix); regulation has no facility code,규정 시설 목록은 코드 없이 명칭만 사용 — Criterion–Dam 연결은 명칭 일치에 의존(공식 코드 대응 없음)
HRFCO 방류승인 CSV(data.go.kr 15085926),1015310,청평댐,연계운영규정 [별표3] (시행 2026-07-08),(코드 없음),청 평 댐,03_normalized/criterion_version_history.csv; 01_raw/Law_history/admrul_2100000282102_댐과보등의연계운영규정_시행20260708.xml,[별표3] 댐 명 열,POSSIBLE_SAME,equal name (modulo 댐 suffix); regulation has no facility code,규정 시설 목록은 코드 없이 명칭만 사용 — Criterion–Dam 연결은 명칭 일치에 의존(공식 코드 대응 없음)
HRFCO 방류승인 CSV(data.go.kr 15085926),1013310,의암댐,연계운영규정 [별표3] (시행 2026-07-08),(코드 없음),의 암 댐,03_normalized/criterion_version_history.csv; 01_raw/Law_history/admrul_2100000282102_댐과보등의연계운영규정_시행20260708.xml,[별표3] 댐 명 열,POSSIBLE_SAME,equal name (modulo 댐 suffix); regulation has no facility code,규정 시설 목록은 코드 없이 명칭만 사용 — Criterion–Dam 연결은 명칭 일치에 의존(공식 코드 대응 없음)
HRFCO 방류승인 CSV(data.go.kr 15085926),1010320,춘천댐,연계운영규정 [별표3] (시행 2026-07-08),(코드 없음),춘 천 댐,03_normalized/criterion_version_history.csv; 01_raw/Law_history/admrul_2100000282102_댐과보등의연계운영규정_시행20260708.xml,[별표3] 댐 명 열,POSSIBLE_SAME,equal name (modulo 댐 suffix); regulation has no facility code,규정 시설 목록은 코드 없이 명칭만 사용 — Criterion–Dam 연결은 명칭 일치에 의존(공식 코드 대응 없음)
HRFCO 방류승인 CSV(data.go.kr 15085926),1010310,화천댐,연계운영규정 [별표3] (시행 2026-07-08),(코드 없음),화 천 댐,03_normalized/criterion_version_history.csv; 01_raw/Law_history/admrul_2100000282102_댐과보등의연계운영규정_시행20260708.xml,[별표3] 댐 명 열,POSSIBLE_SAME,equal name (modulo 댐 suffix); regulation has no facility code,규정 시설 목록은 코드 없이 명칭만 사용 — Criterion–Dam 연결은 명칭 일치에 의존(공식 코드 대응 없음)
HRFCO 방류승인 CSV(data.go.kr 15085926),1006110,횡성,연계운영규정 [별표3] (시행 2026-07-08),(코드 없음),횡 성 댐,03_normalized/criterion_version_history.csv; 01_raw/Law_history/admrul_2100000282102_댐과보등의연계운영규정_시행20260708.xml,[별표3] 댐 명 열,POSSIBLE_SAME,equal name (modulo 댐 suffix); regulation has no facility code,규정 시설 목록은 코드 없이 명칭만 사용 — Criterion–Dam 연결은 명칭 일치에 의존(공식 코드 대응 없음)
HRFCO 방류승인 CSV(data.go.kr 15085926),1003110,충주,연계운영규정 [별표3] (시행 2026-07-08),(코드 없음),충 주 댐,03_normalized/criterion_version_history.csv; 01_raw/Law_history/admrul_2100000282102_댐과보등의연계운영규정_시행20260708.xml,[별표3] 댐 명 열,POSSIBLE_SAME,equal name (modulo 댐 suffix); regulation has no facility code,규정 시설 목록은 코드 없이 명칭만 사용 — Criterion–Dam 연결은 명칭 일치에 의존(공식 코드 대응 없음)
HRFCO 방류승인 CSV(data.go.kr 15085926),1012110,소양강,연계운영규정 [별표3] (시행 2026-07-08),(코드 없음),소양강댐,03_normalized/criterion_version_history.csv; 01_raw/Law_history/admrul_2100000282102_댐과보등의연계운영규정_시행20260708.xml,[별표3] 댐 명 열,POSSIBLE_SAME,equal name (modulo 댐 suffix); regulation has no facility code,규정 시설 목록은 코드 없이 명칭만 사용 — Criterion–Dam 연결은 명칭 일치에 의존(공식 코드 대응 없음)
K-water MyWater DAM_CD,1003110,충주댐,연계운영규정 [별표3] (시행 2026-07-08),(코드 없음),충 주 댐,03_normalized/dam_catalog.csv; 01_raw/Law_history/admrul_2100000282102_댐과보등의연계운영규정_시행20260708.xml,[별표3] 댐 명 열,POSSIBLE_SAME,equal name; regulation has no facility code,
K-water MyWater DAM_CD,1006110,횡성댐,연계운영규정 [별표3] (시행 2026-07-08),(코드 없음),횡 성 댐,03_normalized/dam_catalog.csv; 01_raw/Law_history/admrul_2100000282102_댐과보등의연계운영규정_시행20260708.xml,[별표3] 댐 명 열,POSSIBLE_SAME,equal name; regulation has no facility code,
K-water MyWater DAM_CD,1012110,소양강댐,연계운영규정 [별표3] (시행 2026-07-08),(코드 없음),소양강댐,03_normalized/dam_catalog.csv; 01_raw/Law_history/admrul_2100000282102_댐과보등의연계운영규정_시행20260708.xml,[별표3] 댐 명 열,POSSIBLE_SAME,equal name; regulation has no facility code,
HRFCO 방류승인 CSV(data.go.kr 15085926),1003611,충주조정지,연계운영규정 [별표1] (시행 2026-07-08),(코드 없음),충주댐(조정지댐포함),01_raw/Law_history/admrul_2100000282102_댐과보등의연계운영규정_시행20260708.xml [별표1],[별표1] 한강수계 다목적댐 및 용수댐 열,CONFLICT,entity granularity differs,"규정은 조정지댐을 충주댐에 포함해 한 항목으로 서술하나, 승인 파일·K-water는 별도 코드(1003611)를 가진 별도 시설로 기재 — 시설 단위(granularity) 불일치"
HRFCO 방류승인 CSV(data.go.kr 15085926),1001210,광동,연계운영규정 [별표3],(코드 없음),"(별표3에 광동댐 없음; [별표1]에는 광동댐 있음, 2018-06-29판 이후)",03_normalized/criterion_version_history.csv (모든 버전 별표3에 광동댐 행 없음); 01_raw/Law_history/*20180629.xml [별표1],[별표1] vs [별표3],UNRESOLVED,absent in 별표3,광동댐 승인 36건에 대응할 규정 제한수위 값이 없음(Criterion appliesToDam 후보 없음)
