subject,relation,object,rule,origin,note
DAM:1003110,hasHydrometeorologicalState,HMS:1003110:수위,MR-HMS,real,
HMS:1003110:수위,supportedBy,EVI:KW:1003110,MR-SUP-HMS,real,
DAM:1003110,hasHydrometeorologicalState,HMS:1003110:저수량,MR-HMS,real,
HMS:1003110:저수량,supportedBy,EVI:KW:1003110,MR-SUP-HMS,real,
DAM:1003110,hasHydrometeorologicalState,HMS:1003110:강우량,MR-HMS,real,
HMS:1003110:강우량,supportedBy,EVI:KW:1003110,MR-SUP-HMS,real,
DAM:1003110,hasHydrometeorologicalState,HMS:1003110:유입량,MR-HMS,real,
HMS:1003110:유입량,supportedBy,EVI:KW:1003110,MR-SUP-HMS,real,
DAM:1003110,hasHydrometeorologicalState,HMS:1003110:총방류량,MR-HMS,real,
HMS:1003110:총방류량,supportedBy,EVI:KW:1003110,MR-SUP-HMS,real,
DAM:1003110,hasHydrometeorologicalState,HMS:1003110:저수율,MR-HMS,real,
HMS:1003110:저수율,supportedBy,EVI:KW:1003110,MR-SUP-HMS,real,
DAM:1003611,hasHydrometeorologicalState,HMS:1003611:수위,MR-HMS,real,
HMS:1003611:수위,supportedBy,EVI:KW:1003611,MR-SUP-HMS,real,
DAM:1003611,hasHydrometeorologicalState,HMS:1003611:저수량,MR-HMS,real,
HMS:1003611:저수량,supportedBy,EVI:KW:1003611,MR-SUP-HMS,real,
DAM:1003611,hasHydrometeorologicalState,HMS:1003611:강우량,MR-HMS,real,
HMS:1003611:강우량,supportedBy,EVI:KW:1003611,MR-SUP-HMS,real,
DAM:1003611,hasHydrometeorologicalState,HMS:1003611:유입량,MR-HMS,real,
HMS:1003611:유입량,supportedBy,EVI:KW:1003611,MR-SUP-HMS,real,
DAM:1003611,hasHydrometeorologicalState,HMS:1003611:총방류량,MR-HMS,real,
HMS:1003611:총방류량,supportedBy,EVI:KW:1003611,MR-SUP-HMS,real,
DAM:1003611,hasHydrometeorologicalState,HMS:1003611:저수율,MR-HMS,real,
HMS:1003611:저수율,supportedBy,EVI:KW:1003611,MR-SUP-HMS,real,
DAM:1012110,hasHydrometeorologicalState,HMS:1012110:수위,MR-HMS,real,
HMS:1012110:수위,supportedBy,EVI:KW:1012110,MR-SUP-HMS,real,
DAM:1012110,hasHydrometeorologicalState,HMS:1012110:저수량,MR-HMS,real,
HMS:1012110:저수량,supportedBy,EVI:KW:1012110,MR-SUP-HMS,real,
DAM:1012110,hasHydrometeorologicalState,HMS:1012110:강우량,MR-HMS,real,
HMS:1012110:강우량,supportedBy,EVI:KW:1012110,MR-SUP-HMS,real,
DAM:1012110,hasHydrometeorologicalState,HMS:1012110:유입량,MR-HMS,real,
HMS:1012110:유입량,supportedBy,EVI:KW:1012110,MR-SUP-HMS,real,
DAM:1012110,hasHydrometeorologicalState,HMS:1012110:총방류량,MR-HMS,real,
HMS:1012110:총방류량,supportedBy,EVI:KW:1012110,MR-SUP-HMS,real,
DAM:1012110,hasHydrometeorologicalState,HMS:1012110:저수율,MR-HMS,real,
HMS:1012110:저수율,supportedBy,EVI:KW:1012110,MR-SUP-HMS,real,
DAM:1006110,hasHydrometeorologicalState,HMS:1006110:수위,MR-HMS,real,
HMS:1006110:수위,supportedBy,EVI:KW:1006110,MR-SUP-HMS,real,
DAM:1006110,hasHydrometeorologicalState,HMS:1006110:저수량,MR-HMS,real,
HMS:1006110:저수량,supportedBy,EVI:KW:1006110,MR-SUP-HMS,real,
DAM:1006110,hasHydrometeorologicalState,HMS:1006110:강우량,MR-HMS,real,
HMS:1006110:강우량,supportedBy,EVI:KW:1006110,MR-SUP-HMS,real,
DAM:1006110,hasHydrometeorologicalState,HMS:1006110:유입량,MR-HMS,real,
HMS:1006110:유입량,supportedBy,EVI:KW:1006110,MR-SUP-HMS,real,
DAM:1006110,hasHydrometeorologicalState,HMS:1006110:총방류량,MR-HMS,real,
HMS:1006110:총방류량,supportedBy,EVI:KW:1006110,MR-SUP-HMS,real,
DAM:1006110,hasHydrometeorologicalState,HMS:1006110:저수율,MR-HMS,real,
HMS:1006110:저수율,supportedBy,EVI:KW:1006110,MR-SUP-HMS,real,
DAM:1001210,hasHydrometeorologicalState,HMS:1001210:수위,MR-HMS,real,
HMS:1001210:수위,supportedBy,EVI:KW:1001210,MR-SUP-HMS,real,
DAM:1001210,hasHydrometeorologicalState,HMS:1001210:저수량,MR-HMS,real,
HMS:1001210:저수량,supportedBy,EVI:KW:1001210,MR-SUP-HMS,real,
DAM:1001210,hasHydrometeorologicalState,HMS:1001210:강우량,MR-HMS,real,
HMS:1001210:강우량,supportedBy,EVI:KW:1001210,MR-SUP-HMS,real,
DAM:1001210,hasHydrometeorologicalState,HMS:1001210:유입량,MR-HMS,real,
HMS:1001210:유입량,supportedBy,EVI:KW:1001210,MR-SUP-HMS,real,
DAM:1001210,hasHydrometeorologicalState,HMS:1001210:총방류량,MR-HMS,real,
HMS:1001210:총방류량,supportedBy,EVI:KW:1001210,MR-SUP-HMS,real,
DAM:1001210,hasHydrometeorologicalState,HMS:1001210:저수율,MR-HMS,real,
HMS:1001210:저수율,supportedBy,EVI:KW:1001210,MR-SUP-HMS,real,
APR:279,supportedBy,EVI:AP:279,MR-SUP-APR,real,
APR:394,supportedBy,EVI:AP:394,MR-SUP-APR,real,
APR:418,supportedBy,EVI:AP:418,MR-SUP-APR,real,
APR:434,supportedBy,EVI:AP:434,MR-SUP-APR,real,
APR:444,supportedBy,EVI:AP:444,MR-SUP-APR,real,
APR:448,supportedBy,EVI:AP:448,MR-SUP-APR,real,
APR:464,supportedBy,EVI:AP:464,MR-SUP-APR,real,
APR:466,supportedBy,EVI:AP:466,MR-SUP-APR,real,
APR:473,supportedBy,EVI:AP:473,MR-SUP-APR,real,
APR:480,supportedBy,EVI:AP:480,MR-SUP-APR,real,
APR:504,supportedBy,EVI:AP:504,MR-SUP-APR,real,
APR:574,supportedBy,EVI:AP:574,MR-SUP-APR,real,
APR:597,supportedBy,EVI:AP:597,MR-SUP-APR,real,
APR:598,supportedBy,EVI:AP:598,MR-SUP-APR,real,
APR:612,supportedBy,EVI:AP:612,MR-SUP-APR,real,
APR:626,supportedBy,EVI:AP:626,MR-SUP-APR,real,
APR:627,supportedBy,EVI:AP:627,MR-SUP-APR,real,
APR:813,supportedBy,EVI:AP:813,MR-SUP-APR,real,
APR:814,supportedBy,EVI:AP:814,MR-SUP-APR,real,
APR:826,supportedBy,EVI:AP:826,MR-SUP-APR,real,
APR:842,supportedBy,EVI:AP:842,MR-SUP-APR,real,
APR:1102,supportedBy,EVI:AP:1102,MR-SUP-APR,real,
APR:1103,supportedBy,EVI:AP:1103,MR-SUP-APR,real,
APR:1104,supportedBy,EVI:AP:1104,MR-SUP-APR,real,
APR:1114,supportedBy,EVI:AP:1114,MR-SUP-APR,real,
APR:1115,supportedBy,EVI:AP:1115,MR-SUP-APR,real,
APR:1152,supportedBy,EVI:AP:1152,MR-SUP-APR,real,
APR:1163,supportedBy,EVI:AP:1163,MR-SUP-APR,real,
APR:1167,supportedBy,EVI:AP:1167,MR-SUP-APR,real,
APR:1173,supportedBy,EVI:AP:1173,MR-SUP-APR,real,
APR:1178,supportedBy,EVI:AP:1178,MR-SUP-APR,real,
APR:1192,supportedBy,EVI:AP:1192,MR-SUP-APR,real,
APR:1209,supportedBy,EVI:AP:1209,MR-SUP-APR,real,
APR:1264,supportedBy,EVI:AP:1264,MR-SUP-APR,real,
APR:1275,supportedBy,EVI:AP:1275,MR-SUP-APR,real,
APR:1368,supportedBy,EVI:AP:1368,MR-SUP-APR,real,
APR:1369,supportedBy,EVI:AP:1369,MR-SUP-APR,real,
APR:1391,supportedBy,EVI:AP:1391,MR-SUP-APR,real,
APR:1445,supportedBy,EVI:AP:1445,MR-SUP-APR,real,
APR:1446,supportedBy,EVI:AP:1446,MR-SUP-APR,real,
APR:1580,supportedBy,EVI:AP:1580,MR-SUP-APR,real,
APR:1669,supportedBy,EVI:AP:1669,MR-SUP-APR,real,
APR:1670,supportedBy,EVI:AP:1670,MR-SUP-APR,real,
APR:1687,supportedBy,EVI:AP:1687,MR-SUP-APR,real,
APR:1992,supportedBy,EVI:AP:1992,MR-SUP-APR,real,
APR:2218,supportedBy,EVI:AP:2218,MR-SUP-APR,real,
APR:2219,supportedBy,EVI:AP:2219,MR-SUP-APR,real,
APR:2220,supportedBy,EVI:AP:2220,MR-SUP-APR,real,
APR:2327,supportedBy,EVI:AP:2327,MR-SUP-APR,real,
APR:2344,supportedBy,EVI:AP:2344,MR-SUP-APR,real,
APR:2350,supportedBy,EVI:AP:2350,MR-SUP-APR,real,
APR:2368,supportedBy,EVI:AP:2368,MR-SUP-APR,real,
APR:2428,supportedBy,EVI:AP:2428,MR-SUP-APR,real,
APR:2516,supportedBy,EVI:AP:2516,MR-SUP-APR,real,
APR:2657,supportedBy,EVI:AP:2657,MR-SUP-APR,real,
APR:2713,supportedBy,EVI:AP:2713,MR-SUP-APR,real,
APR:2714,supportedBy,EVI:AP:2714,MR-SUP-APR,real,
APR:2754,supportedBy,EVI:AP:2754,MR-SUP-APR,real,
APR:2755,supportedBy,EVI:AP:2755,MR-SUP-APR,real,
APR:2804,supportedBy,EVI:AP:2804,MR-SUP-APR,real,
APR:2866,supportedBy,EVI:AP:2866,MR-SUP-APR,real,
APR:2990,supportedBy,EVI:AP:2990,MR-SUP-APR,real,
APR:2994,supportedBy,EVI:AP:2994,MR-SUP-APR,real,
APR:3034,supportedBy,EVI:AP:3034,MR-SUP-APR,real,
APR:3052,supportedBy,EVI:AP:3052,MR-SUP-APR,real,
APR:3091,supportedBy,EVI:AP:3091,MR-SUP-APR,real,
APR:3142,supportedBy,EVI:AP:3142,MR-SUP-APR,real,
APR:3178,supportedBy,EVI:AP:3178,MR-SUP-APR,real,
APR:3196,supportedBy,EVI:AP:3196,MR-SUP-APR,real,
APR:3227,supportedBy,EVI:AP:3227,MR-SUP-APR,real,
APR:3228,supportedBy,EVI:AP:3228,MR-SUP-APR,real,
APR:3262,supportedBy,EVI:AP:3262,MR-SUP-APR,real,
APR:3270,supportedBy,EVI:AP:3270,MR-SUP-APR,real,
APR:3271,supportedBy,EVI:AP:3271,MR-SUP-APR,real,
APR:3293,supportedBy,EVI:AP:3293,MR-SUP-APR,real,
APR:3297,supportedBy,EVI:AP:3297,MR-SUP-APR,real,
APR:3299,supportedBy,EVI:AP:3299,MR-SUP-APR,real,
APR:3349,supportedBy,EVI:AP:3349,MR-SUP-APR,real,
APR:3365,supportedBy,EVI:AP:3365,MR-SUP-APR,real,
APR:3377,supportedBy,EVI:AP:3377,MR-SUP-APR,real,
APR:3412,supportedBy,EVI:AP:3412,MR-SUP-APR,real,
APR:3451,supportedBy,EVI:AP:3451,MR-SUP-APR,real,
APR:3475,supportedBy,EVI:AP:3475,MR-SUP-APR,real,
APR:3503,supportedBy,EVI:AP:3503,MR-SUP-APR,real,
APR:3519,supportedBy,EVI:AP:3519,MR-SUP-APR,real,
APR:3646,supportedBy,EVI:AP:3646,MR-SUP-APR,real,
APR:3647,supportedBy,EVI:AP:3647,MR-SUP-APR,real,
APR:3648,supportedBy,EVI:AP:3648,MR-SUP-APR,real,
APR:3663,supportedBy,EVI:AP:3663,MR-SUP-APR,real,
APR:3732,supportedBy,EVI:AP:3732,MR-SUP-APR,real,
APR:3733,supportedBy,EVI:AP:3733,MR-SUP-APR,real,
APR:3742,supportedBy,EVI:AP:3742,MR-SUP-APR,real,
APR:3758,supportedBy,EVI:AP:3758,MR-SUP-APR,real,
APR:3767,supportedBy,EVI:AP:3767,MR-SUP-APR,real,
APR:3770,supportedBy,EVI:AP:3770,MR-SUP-APR,real,
APR:3771,supportedBy,EVI:AP:3771,MR-SUP-APR,real,
APR:3773,supportedBy,EVI:AP:3773,MR-SUP-APR,real,
APR:3862,supportedBy,EVI:AP:3862,MR-SUP-APR,real,
APR:3863,supportedBy,EVI:AP:3863,MR-SUP-APR,real,
APR:3899,supportedBy,EVI:AP:3899,MR-SUP-APR,real,
APR:3918,supportedBy,EVI:AP:3918,MR-SUP-APR,real,
APR:3919,supportedBy,EVI:AP:3919,MR-SUP-APR,real,
OPR:279:1,performedOnDam,DAM:1006110,MR-OPR-DAM,derived,승인 행의 시설 코드
APR:279,authorizes,OPR:279:1,MR-AUTH,constructed,"같은 승인 행의 비고에서 분류한 행위(연구용 구성, 실행 확인 아님)"
OPR:279:1,supportedBy,EVI:AP:279,MR-SUP-OPR,derived,
OPR:394:1,performedOnDam,DAM:1006110,MR-OPR-DAM,derived,승인 행의 시설 코드
APR:394,authorizes,OPR:394:1,MR-AUTH,constructed,"같은 승인 행의 비고에서 분류한 행위(연구용 구성, 실행 확인 아님)"
OPR:394:1,supportedBy,EVI:AP:394,MR-SUP-OPR,derived,
OPR:444:1,performedOnDam,DAM:1003611,MR-OPR-DAM,derived,승인 행의 시설 코드
APR:444,authorizes,OPR:444:1,MR-AUTH,constructed,"같은 승인 행의 비고에서 분류한 행위(연구용 구성, 실행 확인 아님)"
OPR:444:1,supportedBy,EVI:AP:444,MR-SUP-OPR,derived,
OPR:448:1,performedOnDam,DAM:1003611,MR-OPR-DAM,derived,승인 행의 시설 코드
APR:448,authorizes,OPR:448:1,MR-AUTH,constructed,"같은 승인 행의 비고에서 분류한 행위(연구용 구성, 실행 확인 아님)"
OPR:448:1,supportedBy,EVI:AP:448,MR-SUP-OPR,derived,
OPR:464:1,performedOnDam,DAM:1003611,MR-OPR-DAM,derived,승인 행의 시설 코드
APR:464,authorizes,OPR:464:1,MR-AUTH,constructed,"같은 승인 행의 비고에서 분류한 행위(연구용 구성, 실행 확인 아님)"
OPR:464:1,supportedBy,EVI:AP:464,MR-SUP-OPR,derived,
OPR:466:1,performedOnDam,DAM:1003611,MR-OPR-DAM,derived,승인 행의 시설 코드
APR:466,authorizes,OPR:466:1,MR-AUTH,constructed,"같은 승인 행의 비고에서 분류한 행위(연구용 구성, 실행 확인 아님)"
OPR:466:1,supportedBy,EVI:AP:466,MR-SUP-OPR,derived,
OPR:473:1,performedOnDam,DAM:1006110,MR-OPR-DAM,derived,승인 행의 시설 코드
APR:473,authorizes,OPR:473:1,MR-AUTH,constructed,"같은 승인 행의 비고에서 분류한 행위(연구용 구성, 실행 확인 아님)"
OPR:473:1,supportedBy,EVI:AP:473,MR-SUP-OPR,derived,
OPR:480:1,performedOnDam,DAM:1003611,MR-OPR-DAM,derived,승인 행의 시설 코드
APR:480,authorizes,OPR:480:1,MR-AUTH,constructed,"같은 승인 행의 비고에서 분류한 행위(연구용 구성, 실행 확인 아님)"
OPR:480:1,supportedBy,EVI:AP:480,MR-SUP-OPR,derived,
OPR:504:1,performedOnDam,DAM:1003110,MR-OPR-DAM,derived,승인 행의 시설 코드
APR:504,authorizes,OPR:504:1,MR-AUTH,constructed,"같은 승인 행의 비고에서 분류한 행위(연구용 구성, 실행 확인 아님)"
OPR:504:1,supportedBy,EVI:AP:504,MR-SUP-OPR,derived,
OPR:574:1,performedOnDam,DAM:1003110,MR-OPR-DAM,derived,승인 행의 시설 코드
APR:574,authorizes,OPR:574:1,MR-AUTH,constructed,"같은 승인 행의 비고에서 분류한 행위(연구용 구성, 실행 확인 아님)"
OPR:574:1,supportedBy,EVI:AP:574,MR-SUP-OPR,derived,
OPR:597:1,performedOnDam,DAM:1003110,MR-OPR-DAM,derived,승인 행의 시설 코드
APR:597,authorizes,OPR:597:1,MR-AUTH,constructed,"같은 승인 행의 비고에서 분류한 행위(연구용 구성, 실행 확인 아님)"
OPR:597:1,supportedBy,EVI:AP:597,MR-SUP-OPR,derived,
OPR:598:1,performedOnDam,DAM:1003611,MR-OPR-DAM,derived,승인 행의 시설 코드
APR:598,authorizes,OPR:598:1,MR-AUTH,constructed,"같은 승인 행의 비고에서 분류한 행위(연구용 구성, 실행 확인 아님)"
OPR:598:1,supportedBy,EVI:AP:598,MR-SUP-OPR,derived,
OPR:612:1,performedOnDam,DAM:1006110,MR-OPR-DAM,derived,승인 행의 시설 코드
APR:612,authorizes,OPR:612:1,MR-AUTH,constructed,"같은 승인 행의 비고에서 분류한 행위(연구용 구성, 실행 확인 아님)"
OPR:612:1,supportedBy,EVI:AP:612,MR-SUP-OPR,derived,
OPR:626:1,performedOnDam,DAM:1003110,MR-OPR-DAM,derived,승인 행의 시설 코드
APR:626,authorizes,OPR:626:1,MR-AUTH,constructed,"같은 승인 행의 비고에서 분류한 행위(연구용 구성, 실행 확인 아님)"
OPR:626:1,supportedBy,EVI:AP:626,MR-SUP-OPR,derived,
OPR:826:1,performedOnDam,DAM:1003611,MR-OPR-DAM,derived,승인 행의 시설 코드
APR:826,authorizes,OPR:826:1,MR-AUTH,constructed,"같은 승인 행의 비고에서 분류한 행위(연구용 구성, 실행 확인 아님)"
OPR:826:1,supportedBy,EVI:AP:826,MR-SUP-OPR,derived,
OPR:842:1,performedOnDam,DAM:1006110,MR-OPR-DAM,derived,승인 행의 시설 코드
APR:842,authorizes,OPR:842:1,MR-AUTH,constructed,"같은 승인 행의 비고에서 분류한 행위(연구용 구성, 실행 확인 아님)"
OPR:842:1,supportedBy,EVI:AP:842,MR-SUP-OPR,derived,
OPR:842:2,performedOnDam,DAM:1006110,MR-OPR-DAM,derived,승인 행의 시설 코드
APR:842,authorizes,OPR:842:2,MR-AUTH,constructed,"같은 승인 행의 비고에서 분류한 행위(연구용 구성, 실행 확인 아님)"
OPR:842:2,supportedBy,EVI:AP:842,MR-SUP-OPR,derived,
OPR:1102:1,performedOnDam,DAM:1006110,MR-OPR-DAM,derived,승인 행의 시설 코드
APR:1102,authorizes,OPR:1102:1,MR-AUTH,constructed,"같은 승인 행의 비고에서 분류한 행위(연구용 구성, 실행 확인 아님)"
OPR:1102:1,supportedBy,EVI:AP:1102,MR-SUP-OPR,derived,
OPR:1103:1,performedOnDam,DAM:1003110,MR-OPR-DAM,derived,승인 행의 시설 코드
APR:1103,authorizes,OPR:1103:1,MR-AUTH,constructed,"같은 승인 행의 비고에서 분류한 행위(연구용 구성, 실행 확인 아님)"
OPR:1103:1,supportedBy,EVI:AP:1103,MR-SUP-OPR,derived,
OPR:1104:1,performedOnDam,DAM:1003611,MR-OPR-DAM,derived,승인 행의 시설 코드
APR:1104,authorizes,OPR:1104:1,MR-AUTH,constructed,"같은 승인 행의 비고에서 분류한 행위(연구용 구성, 실행 확인 아님)"
OPR:1104:1,supportedBy,EVI:AP:1104,MR-SUP-OPR,derived,
OPR:1114:1,performedOnDam,DAM:1003110,MR-OPR-DAM,derived,승인 행의 시설 코드
APR:1114,authorizes,OPR:1114:1,MR-AUTH,constructed,"같은 승인 행의 비고에서 분류한 행위(연구용 구성, 실행 확인 아님)"
OPR:1114:1,supportedBy,EVI:AP:1114,MR-SUP-OPR,derived,
OPR:1115:1,performedOnDam,DAM:1003611,MR-OPR-DAM,derived,승인 행의 시설 코드
APR:1115,authorizes,OPR:1115:1,MR-AUTH,constructed,"같은 승인 행의 비고에서 분류한 행위(연구용 구성, 실행 확인 아님)"
OPR:1115:1,supportedBy,EVI:AP:1115,MR-SUP-OPR,derived,
OPR:1152:1,performedOnDam,DAM:1003611,MR-OPR-DAM,derived,승인 행의 시설 코드
APR:1152,authorizes,OPR:1152:1,MR-AUTH,constructed,"같은 승인 행의 비고에서 분류한 행위(연구용 구성, 실행 확인 아님)"
OPR:1152:1,supportedBy,EVI:AP:1152,MR-SUP-OPR,derived,
OPR:1264:1,performedOnDam,DAM:1003611,MR-OPR-DAM,derived,승인 행의 시설 코드
APR:1264,authorizes,OPR:1264:1,MR-AUTH,constructed,"같은 승인 행의 비고에서 분류한 행위(연구용 구성, 실행 확인 아님)"
OPR:1264:1,supportedBy,EVI:AP:1264,MR-SUP-OPR,derived,
OPR:1368:1,performedOnDam,DAM:1003110,MR-OPR-DAM,derived,승인 행의 시설 코드
APR:1368,authorizes,OPR:1368:1,MR-AUTH,constructed,"같은 승인 행의 비고에서 분류한 행위(연구용 구성, 실행 확인 아님)"
OPR:1368:1,supportedBy,EVI:AP:1368,MR-SUP-OPR,derived,
OPR:1445:1,performedOnDam,DAM:1003110,MR-OPR-DAM,derived,승인 행의 시설 코드
APR:1445,authorizes,OPR:1445:1,MR-AUTH,constructed,"같은 승인 행의 비고에서 분류한 행위(연구용 구성, 실행 확인 아님)"
OPR:1445:1,supportedBy,EVI:AP:1445,MR-SUP-OPR,derived,
OPR:1446:1,performedOnDam,DAM:1006110,MR-OPR-DAM,derived,승인 행의 시설 코드
APR:1446,authorizes,OPR:1446:1,MR-AUTH,constructed,"같은 승인 행의 비고에서 분류한 행위(연구용 구성, 실행 확인 아님)"
OPR:1446:1,supportedBy,EVI:AP:1446,MR-SUP-OPR,derived,
OPR:1580:1,performedOnDam,DAM:1006110,MR-OPR-DAM,derived,승인 행의 시설 코드
APR:1580,authorizes,OPR:1580:1,MR-AUTH,constructed,"같은 승인 행의 비고에서 분류한 행위(연구용 구성, 실행 확인 아님)"
OPR:1580:1,supportedBy,EVI:AP:1580,MR-SUP-OPR,derived,
OPR:2327:1,performedOnDam,DAM:1001210,MR-OPR-DAM,derived,승인 행의 시설 코드
APR:2327,authorizes,OPR:2327:1,MR-AUTH,constructed,"같은 승인 행의 비고에서 분류한 행위(연구용 구성, 실행 확인 아님)"
OPR:2327:1,supportedBy,EVI:AP:2327,MR-SUP-OPR,derived,
OPR:2344:1,performedOnDam,DAM:1001210,MR-OPR-DAM,derived,승인 행의 시설 코드
APR:2344,authorizes,OPR:2344:1,MR-AUTH,constructed,"같은 승인 행의 비고에서 분류한 행위(연구용 구성, 실행 확인 아님)"
OPR:2344:1,supportedBy,EVI:AP:2344,MR-SUP-OPR,derived,
OPR:2350:1,performedOnDam,DAM:1001210,MR-OPR-DAM,derived,승인 행의 시설 코드
APR:2350,authorizes,OPR:2350:1,MR-AUTH,constructed,"같은 승인 행의 비고에서 분류한 행위(연구용 구성, 실행 확인 아님)"
OPR:2350:1,supportedBy,EVI:AP:2350,MR-SUP-OPR,derived,
OPR:2368:1,performedOnDam,DAM:1001210,MR-OPR-DAM,derived,승인 행의 시설 코드
APR:2368,authorizes,OPR:2368:1,MR-AUTH,constructed,"같은 승인 행의 비고에서 분류한 행위(연구용 구성, 실행 확인 아님)"
OPR:2368:1,supportedBy,EVI:AP:2368,MR-SUP-OPR,derived,
OPR:2428:1,performedOnDam,DAM:1006110,MR-OPR-DAM,derived,승인 행의 시설 코드
APR:2428,authorizes,OPR:2428:1,MR-AUTH,constructed,"같은 승인 행의 비고에서 분류한 행위(연구용 구성, 실행 확인 아님)"
OPR:2428:1,supportedBy,EVI:AP:2428,MR-SUP-OPR,derived,
OPR:2516:1,performedOnDam,DAM:1006110,MR-OPR-DAM,derived,승인 행의 시설 코드
APR:2516,authorizes,OPR:2516:1,MR-AUTH,constructed,"같은 승인 행의 비고에서 분류한 행위(연구용 구성, 실행 확인 아님)"
OPR:2516:1,supportedBy,EVI:AP:2516,MR-SUP-OPR,derived,
OPR:2657:1,performedOnDam,DAM:1001210,MR-OPR-DAM,derived,승인 행의 시설 코드
APR:2657,authorizes,OPR:2657:1,MR-AUTH,constructed,"같은 승인 행의 비고에서 분류한 행위(연구용 구성, 실행 확인 아님)"
OPR:2657:1,supportedBy,EVI:AP:2657,MR-SUP-OPR,derived,
OPR:2713:1,performedOnDam,DAM:1006110,MR-OPR-DAM,derived,승인 행의 시설 코드
APR:2713,authorizes,OPR:2713:1,MR-AUTH,constructed,"같은 승인 행의 비고에서 분류한 행위(연구용 구성, 실행 확인 아님)"
OPR:2713:1,supportedBy,EVI:AP:2713,MR-SUP-OPR,derived,
OPR:2714:1,performedOnDam,DAM:1001210,MR-OPR-DAM,derived,승인 행의 시설 코드
APR:2714,authorizes,OPR:2714:1,MR-AUTH,constructed,"같은 승인 행의 비고에서 분류한 행위(연구용 구성, 실행 확인 아님)"
OPR:2714:1,supportedBy,EVI:AP:2714,MR-SUP-OPR,derived,
OPR:2754:1,performedOnDam,DAM:1012110,MR-OPR-DAM,derived,승인 행의 시설 코드
APR:2754,authorizes,OPR:2754:1,MR-AUTH,constructed,"같은 승인 행의 비고에서 분류한 행위(연구용 구성, 실행 확인 아님)"
OPR:2754:1,supportedBy,EVI:AP:2754,MR-SUP-OPR,derived,
OPR:2754:2,performedOnDam,DAM:1012110,MR-OPR-DAM,derived,승인 행의 시설 코드
APR:2754,authorizes,OPR:2754:2,MR-AUTH,constructed,"같은 승인 행의 비고에서 분류한 행위(연구용 구성, 실행 확인 아님)"
OPR:2754:2,supportedBy,EVI:AP:2754,MR-SUP-OPR,derived,
OPR:2755:1,performedOnDam,DAM:1003110,MR-OPR-DAM,derived,승인 행의 시설 코드
APR:2755,authorizes,OPR:2755:1,MR-AUTH,constructed,"같은 승인 행의 비고에서 분류한 행위(연구용 구성, 실행 확인 아님)"
OPR:2755:1,supportedBy,EVI:AP:2755,MR-SUP-OPR,derived,
OPR:2755:2,performedOnDam,DAM:1003110,MR-OPR-DAM,derived,승인 행의 시설 코드
APR:2755,authorizes,OPR:2755:2,MR-AUTH,constructed,"같은 승인 행의 비고에서 분류한 행위(연구용 구성, 실행 확인 아님)"
OPR:2755:2,supportedBy,EVI:AP:2755,MR-SUP-OPR,derived,
OPR:2804:1,performedOnDam,DAM:1012110,MR-OPR-DAM,derived,승인 행의 시설 코드
APR:2804,authorizes,OPR:2804:1,MR-AUTH,constructed,"같은 승인 행의 비고에서 분류한 행위(연구용 구성, 실행 확인 아님)"
OPR:2804:1,supportedBy,EVI:AP:2804,MR-SUP-OPR,derived,
OPR:2866:1,performedOnDam,DAM:1006110,MR-OPR-DAM,derived,승인 행의 시설 코드
APR:2866,authorizes,OPR:2866:1,MR-AUTH,constructed,"같은 승인 행의 비고에서 분류한 행위(연구용 구성, 실행 확인 아님)"
OPR:2866:1,supportedBy,EVI:AP:2866,MR-SUP-OPR,derived,
OPR:2866:2,performedOnDam,DAM:1006110,MR-OPR-DAM,derived,승인 행의 시설 코드
APR:2866,authorizes,OPR:2866:2,MR-AUTH,constructed,"같은 승인 행의 비고에서 분류한 행위(연구용 구성, 실행 확인 아님)"
OPR:2866:2,supportedBy,EVI:AP:2866,MR-SUP-OPR,derived,
OPR:2990:1,performedOnDam,DAM:1006110,MR-OPR-DAM,derived,승인 행의 시설 코드
APR:2990,authorizes,OPR:2990:1,MR-AUTH,constructed,"같은 승인 행의 비고에서 분류한 행위(연구용 구성, 실행 확인 아님)"
OPR:2990:1,supportedBy,EVI:AP:2990,MR-SUP-OPR,derived,
OPR:2994:1,performedOnDam,DAM:1001210,MR-OPR-DAM,derived,승인 행의 시설 코드
APR:2994,authorizes,OPR:2994:1,MR-AUTH,constructed,"같은 승인 행의 비고에서 분류한 행위(연구용 구성, 실행 확인 아님)"
OPR:2994:1,supportedBy,EVI:AP:2994,MR-SUP-OPR,derived,
OPR:3034:1,performedOnDam,DAM:1001210,MR-OPR-DAM,derived,승인 행의 시설 코드
APR:3034,authorizes,OPR:3034:1,MR-AUTH,constructed,"같은 승인 행의 비고에서 분류한 행위(연구용 구성, 실행 확인 아님)"
OPR:3034:1,supportedBy,EVI:AP:3034,MR-SUP-OPR,derived,
OPR:3052:1,performedOnDam,DAM:1001210,MR-OPR-DAM,derived,승인 행의 시설 코드
APR:3052,authorizes,OPR:3052:1,MR-AUTH,constructed,"같은 승인 행의 비고에서 분류한 행위(연구용 구성, 실행 확인 아님)"
OPR:3052:1,supportedBy,EVI:AP:3052,MR-SUP-OPR,derived,
OPR:3142:1,performedOnDam,DAM:1001210,MR-OPR-DAM,derived,승인 행의 시설 코드
APR:3142,authorizes,OPR:3142:1,MR-AUTH,constructed,"같은 승인 행의 비고에서 분류한 행위(연구용 구성, 실행 확인 아님)"
OPR:3142:1,supportedBy,EVI:AP:3142,MR-SUP-OPR,derived,
OPR:3178:1,performedOnDam,DAM:1003110,MR-OPR-DAM,derived,승인 행의 시설 코드
APR:3178,authorizes,OPR:3178:1,MR-AUTH,constructed,"같은 승인 행의 비고에서 분류한 행위(연구용 구성, 실행 확인 아님)"
OPR:3178:1,supportedBy,EVI:AP:3178,MR-SUP-OPR,derived,
OPR:3196:1,performedOnDam,DAM:1001210,MR-OPR-DAM,derived,승인 행의 시설 코드
APR:3196,authorizes,OPR:3196:1,MR-AUTH,constructed,"같은 승인 행의 비고에서 분류한 행위(연구용 구성, 실행 확인 아님)"
OPR:3196:1,supportedBy,EVI:AP:3196,MR-SUP-OPR,derived,
OPR:3227:1,performedOnDam,DAM:1001210,MR-OPR-DAM,derived,승인 행의 시설 코드
APR:3227,authorizes,OPR:3227:1,MR-AUTH,constructed,"같은 승인 행의 비고에서 분류한 행위(연구용 구성, 실행 확인 아님)"
OPR:3227:1,supportedBy,EVI:AP:3227,MR-SUP-OPR,derived,
OPR:3227:2,performedOnDam,DAM:1001210,MR-OPR-DAM,derived,승인 행의 시설 코드
APR:3227,authorizes,OPR:3227:2,MR-AUTH,constructed,"같은 승인 행의 비고에서 분류한 행위(연구용 구성, 실행 확인 아님)"
OPR:3227:2,supportedBy,EVI:AP:3227,MR-SUP-OPR,derived,
OPR:3271:1,performedOnDam,DAM:1001210,MR-OPR-DAM,derived,승인 행의 시설 코드
APR:3271,authorizes,OPR:3271:1,MR-AUTH,constructed,"같은 승인 행의 비고에서 분류한 행위(연구용 구성, 실행 확인 아님)"
OPR:3271:1,supportedBy,EVI:AP:3271,MR-SUP-OPR,derived,
OPR:3293:1,performedOnDam,DAM:1001210,MR-OPR-DAM,derived,승인 행의 시설 코드
APR:3293,authorizes,OPR:3293:1,MR-AUTH,constructed,"같은 승인 행의 비고에서 분류한 행위(연구용 구성, 실행 확인 아님)"
OPR:3293:1,supportedBy,EVI:AP:3293,MR-SUP-OPR,derived,
OPR:3299:1,performedOnDam,DAM:1001210,MR-OPR-DAM,derived,승인 행의 시설 코드
APR:3299,authorizes,OPR:3299:1,MR-AUTH,constructed,"같은 승인 행의 비고에서 분류한 행위(연구용 구성, 실행 확인 아님)"
OPR:3299:1,supportedBy,EVI:AP:3299,MR-SUP-OPR,derived,
OPR:3349:1,performedOnDam,DAM:1001210,MR-OPR-DAM,derived,승인 행의 시설 코드
APR:3349,authorizes,OPR:3349:1,MR-AUTH,constructed,"같은 승인 행의 비고에서 분류한 행위(연구용 구성, 실행 확인 아님)"
OPR:3349:1,supportedBy,EVI:AP:3349,MR-SUP-OPR,derived,
OPR:3365:1,performedOnDam,DAM:1001210,MR-OPR-DAM,derived,승인 행의 시설 코드
APR:3365,authorizes,OPR:3365:1,MR-AUTH,constructed,"같은 승인 행의 비고에서 분류한 행위(연구용 구성, 실행 확인 아님)"
OPR:3365:1,supportedBy,EVI:AP:3365,MR-SUP-OPR,derived,
OPR:3451:1,performedOnDam,DAM:1001210,MR-OPR-DAM,derived,승인 행의 시설 코드
APR:3451,authorizes,OPR:3451:1,MR-AUTH,constructed,"같은 승인 행의 비고에서 분류한 행위(연구용 구성, 실행 확인 아님)"
OPR:3451:1,supportedBy,EVI:AP:3451,MR-SUP-OPR,derived,
OPR:3475:1,performedOnDam,DAM:1006110,MR-OPR-DAM,derived,승인 행의 시설 코드
APR:3475,authorizes,OPR:3475:1,MR-AUTH,constructed,"같은 승인 행의 비고에서 분류한 행위(연구용 구성, 실행 확인 아님)"
OPR:3475:1,supportedBy,EVI:AP:3475,MR-SUP-OPR,derived,
OPR:3646:1,performedOnDam,DAM:1012110,MR-OPR-DAM,derived,승인 행의 시설 코드
APR:3646,authorizes,OPR:3646:1,MR-AUTH,constructed,"같은 승인 행의 비고에서 분류한 행위(연구용 구성, 실행 확인 아님)"
OPR:3646:1,supportedBy,EVI:AP:3646,MR-SUP-OPR,derived,
OPR:3647:1,performedOnDam,DAM:1003110,MR-OPR-DAM,derived,승인 행의 시설 코드
APR:3647,authorizes,OPR:3647:1,MR-AUTH,constructed,"같은 승인 행의 비고에서 분류한 행위(연구용 구성, 실행 확인 아님)"
OPR:3647:1,supportedBy,EVI:AP:3647,MR-SUP-OPR,derived,
OPR:3648:1,performedOnDam,DAM:1006110,MR-OPR-DAM,derived,승인 행의 시설 코드
APR:3648,authorizes,OPR:3648:1,MR-AUTH,constructed,"같은 승인 행의 비고에서 분류한 행위(연구용 구성, 실행 확인 아님)"
OPR:3648:1,supportedBy,EVI:AP:3648,MR-SUP-OPR,derived,
OPR:3733:1,performedOnDam,DAM:1001210,MR-OPR-DAM,derived,승인 행의 시설 코드
APR:3733,authorizes,OPR:3733:1,MR-AUTH,constructed,"같은 승인 행의 비고에서 분류한 행위(연구용 구성, 실행 확인 아님)"
OPR:3733:1,supportedBy,EVI:AP:3733,MR-SUP-OPR,derived,
OPR:3742:1,performedOnDam,DAM:1006110,MR-OPR-DAM,derived,승인 행의 시설 코드
APR:3742,authorizes,OPR:3742:1,MR-AUTH,constructed,"같은 승인 행의 비고에서 분류한 행위(연구용 구성, 실행 확인 아님)"
OPR:3742:1,supportedBy,EVI:AP:3742,MR-SUP-OPR,derived,
OPR:3758:1,performedOnDam,DAM:1001210,MR-OPR-DAM,derived,승인 행의 시설 코드
APR:3758,authorizes,OPR:3758:1,MR-AUTH,constructed,"같은 승인 행의 비고에서 분류한 행위(연구용 구성, 실행 확인 아님)"
OPR:3758:1,supportedBy,EVI:AP:3758,MR-SUP-OPR,derived,
OPR:3770:1,performedOnDam,DAM:1012110,MR-OPR-DAM,derived,승인 행의 시설 코드
APR:3770,authorizes,OPR:3770:1,MR-AUTH,constructed,"같은 승인 행의 비고에서 분류한 행위(연구용 구성, 실행 확인 아님)"
OPR:3770:1,supportedBy,EVI:AP:3770,MR-SUP-OPR,derived,
OPR:3771:1,performedOnDam,DAM:1003110,MR-OPR-DAM,derived,승인 행의 시설 코드
APR:3771,authorizes,OPR:3771:1,MR-AUTH,constructed,"같은 승인 행의 비고에서 분류한 행위(연구용 구성, 실행 확인 아님)"
OPR:3771:1,supportedBy,EVI:AP:3771,MR-SUP-OPR,derived,
OPR:3862:1,performedOnDam,DAM:1001210,MR-OPR-DAM,derived,승인 행의 시설 코드
APR:3862,authorizes,OPR:3862:1,MR-AUTH,constructed,"같은 승인 행의 비고에서 분류한 행위(연구용 구성, 실행 확인 아님)"
OPR:3862:1,supportedBy,EVI:AP:3862,MR-SUP-OPR,derived,
CRI:CR-01,appliesToDam,DAM:1012110,MR-CRI-DAM,name-match,별표3 시설명 일치(코드 없음)
CRI:CR-01,supportedBy,EVI:LAW:별표3,MR-SUP-CRI,real,
CRI:CR-02,appliesToDam,DAM:1003110,MR-CRI-DAM,name-match,별표3 시설명 일치(코드 없음)
CRI:CR-02,supportedBy,EVI:LAW:별표3,MR-SUP-CRI,real,
CRI:CR-03,appliesToDam,DAM:1006110,MR-CRI-DAM,name-match,별표3 시설명 일치(코드 없음)
CRI:CR-03,supportedBy,EVI:LAW:별표3,MR-SUP-CRI,real,
