entity_id,class,label
DAM:1003110,Dam,충주댐
DAM:1003611,Dam,충주조정지
DAM:1012110,Dam,소양강댐
DAM:1006110,Dam,횡성댐
DAM:1001210,Dam,광동댐
EVI:KW:1003110,EvidenceSource,K-water MyWater 수문자료 충주댐
EVI:KW:1003611,EvidenceSource,K-water MyWater 수문자료 충주조정지
EVI:KW:1012110,EvidenceSource,K-water MyWater 수문자료 소양강댐
EVI:KW:1006110,EvidenceSource,K-water MyWater 수문자료 횡성댐
EVI:KW:1001210,EvidenceSource,K-water MyWater 수문자료 광동댐
EVI:LAW:별표3,EvidenceSource,댐과 보 등의 연계운영규정 별표3
HMS:1003110:수위,HydrometeorologicalState,충주댐_수위
HMS:1003110:저수량,HydrometeorologicalState,충주댐_저수량
HMS:1003110:강우량,HydrometeorologicalState,충주댐_강우량
HMS:1003110:유입량,HydrometeorologicalState,충주댐_유입량
HMS:1003110:총방류량,HydrometeorologicalState,충주댐_총방류량
HMS:1003110:저수율,HydrometeorologicalState,충주댐_저수율
HMS:1003611:수위,HydrometeorologicalState,충주조정지_수위
HMS:1003611:저수량,HydrometeorologicalState,충주조정지_저수량
HMS:1003611:강우량,HydrometeorologicalState,충주조정지_강우량
HMS:1003611:유입량,HydrometeorologicalState,충주조정지_유입량
HMS:1003611:총방류량,HydrometeorologicalState,충주조정지_총방류량
HMS:1003611:저수율,HydrometeorologicalState,충주조정지_저수율
HMS:1012110:수위,HydrometeorologicalState,소양강댐_수위
HMS:1012110:저수량,HydrometeorologicalState,소양강댐_저수량
HMS:1012110:강우량,HydrometeorologicalState,소양강댐_강우량
HMS:1012110:유입량,HydrometeorologicalState,소양강댐_유입량
HMS:1012110:총방류량,HydrometeorologicalState,소양강댐_총방류량
HMS:1012110:저수율,HydrometeorologicalState,소양강댐_저수율
HMS:1006110:수위,HydrometeorologicalState,횡성댐_수위
HMS:1006110:저수량,HydrometeorologicalState,횡성댐_저수량
HMS:1006110:강우량,HydrometeorologicalState,횡성댐_강우량
HMS:1006110:유입량,HydrometeorologicalState,횡성댐_유입량
HMS:1006110:총방류량,HydrometeorologicalState,횡성댐_총방류량
HMS:1006110:저수율,HydrometeorologicalState,횡성댐_저수율
HMS:1001210:수위,HydrometeorologicalState,광동댐_수위
HMS:1001210:저수량,HydrometeorologicalState,광동댐_저수량
HMS:1001210:강우량,HydrometeorologicalState,광동댐_강우량
HMS:1001210:유입량,HydrometeorologicalState,광동댐_유입량
HMS:1001210:총방류량,HydrometeorologicalState,광동댐_총방류량
HMS:1001210:저수율,HydrometeorologicalState,광동댐_저수율
APR:279,Approval,승인 279 (횡성댐)
EVI:AP:279,EvidenceSource,한강홍수통제소 댐방류승인 순차번호 279
APR:394,Approval,승인 394 (횡성댐)
EVI:AP:394,EvidenceSource,한강홍수통제소 댐방류승인 순차번호 394
APR:418,Approval,승인 418 (충주댐)
EVI:AP:418,EvidenceSource,한강홍수통제소 댐방류승인 순차번호 418
APR:434,Approval,승인 434 (충주조정지)
EVI:AP:434,EvidenceSource,한강홍수통제소 댐방류승인 순차번호 434
APR:444,Approval,승인 444 (충주조정지)
EVI:AP:444,EvidenceSource,한강홍수통제소 댐방류승인 순차번호 444
APR:448,Approval,승인 448 (충주조정지)
EVI:AP:448,EvidenceSource,한강홍수통제소 댐방류승인 순차번호 448
APR:464,Approval,승인 464 (충주조정지)
EVI:AP:464,EvidenceSource,한강홍수통제소 댐방류승인 순차번호 464
APR:466,Approval,승인 466 (충주조정지)
EVI:AP:466,EvidenceSource,한강홍수통제소 댐방류승인 순차번호 466
APR:473,Approval,승인 473 (횡성댐)
EVI:AP:473,EvidenceSource,한강홍수통제소 댐방류승인 순차번호 473
APR:480,Approval,승인 480 (충주조정지)
EVI:AP:480,EvidenceSource,한강홍수통제소 댐방류승인 순차번호 480
APR:504,Approval,승인 504 (충주댐)
EVI:AP:504,EvidenceSource,한강홍수통제소 댐방류승인 순차번호 504
APR:574,Approval,승인 574 (충주댐)
EVI:AP:574,EvidenceSource,한강홍수통제소 댐방류승인 순차번호 574
APR:597,Approval,승인 597 (충주댐)
EVI:AP:597,EvidenceSource,한강홍수통제소 댐방류승인 순차번호 597
APR:598,Approval,승인 598 (충주조정지)
EVI:AP:598,EvidenceSource,한강홍수통제소 댐방류승인 순차번호 598
APR:612,Approval,승인 612 (횡성댐)
EVI:AP:612,EvidenceSource,한강홍수통제소 댐방류승인 순차번호 612
APR:626,Approval,승인 626 (충주댐)
EVI:AP:626,EvidenceSource,한강홍수통제소 댐방류승인 순차번호 626
APR:627,Approval,승인 627 (충주조정지)
EVI:AP:627,EvidenceSource,한강홍수통제소 댐방류승인 순차번호 627
APR:813,Approval,승인 813 (소양강댐)
EVI:AP:813,EvidenceSource,한강홍수통제소 댐방류승인 순차번호 813
APR:814,Approval,승인 814 (횡성댐)
EVI:AP:814,EvidenceSource,한강홍수통제소 댐방류승인 순차번호 814
APR:826,Approval,승인 826 (충주조정지)
EVI:AP:826,EvidenceSource,한강홍수통제소 댐방류승인 순차번호 826
APR:842,Approval,승인 842 (횡성댐)
EVI:AP:842,EvidenceSource,한강홍수통제소 댐방류승인 순차번호 842
APR:1102,Approval,승인 1102 (횡성댐)
EVI:AP:1102,EvidenceSource,한강홍수통제소 댐방류승인 순차번호 1102
APR:1103,Approval,승인 1103 (충주댐)
EVI:AP:1103,EvidenceSource,한강홍수통제소 댐방류승인 순차번호 1103
APR:1104,Approval,승인 1104 (충주조정지)
EVI:AP:1104,EvidenceSource,한강홍수통제소 댐방류승인 순차번호 1104
APR:1114,Approval,승인 1114 (충주댐)
EVI:AP:1114,EvidenceSource,한강홍수통제소 댐방류승인 순차번호 1114
APR:1115,Approval,승인 1115 (충주조정지)
EVI:AP:1115,EvidenceSource,한강홍수통제소 댐방류승인 순차번호 1115
APR:1152,Approval,승인 1152 (충주조정지)
EVI:AP:1152,EvidenceSource,한강홍수통제소 댐방류승인 순차번호 1152
APR:1163,Approval,승인 1163 (충주조정지)
EVI:AP:1163,EvidenceSource,한강홍수통제소 댐방류승인 순차번호 1163
APR:1167,Approval,승인 1167 (충주조정지)
EVI:AP:1167,EvidenceSource,한강홍수통제소 댐방류승인 순차번호 1167
APR:1173,Approval,승인 1173 (충주조정지)
EVI:AP:1173,EvidenceSource,한강홍수통제소 댐방류승인 순차번호 1173
APR:1178,Approval,승인 1178 (충주조정지)
EVI:AP:1178,EvidenceSource,한강홍수통제소 댐방류승인 순차번호 1178
APR:1192,Approval,승인 1192 (충주조정지)
EVI:AP:1192,EvidenceSource,한강홍수통제소 댐방류승인 순차번호 1192
APR:1209,Approval,승인 1209 (충주조정지)
EVI:AP:1209,EvidenceSource,한강홍수통제소 댐방류승인 순차번호 1209
APR:1264,Approval,승인 1264 (충주조정지)
EVI:AP:1264,EvidenceSource,한강홍수통제소 댐방류승인 순차번호 1264
APR:1275,Approval,승인 1275 (충주조정지)
EVI:AP:1275,EvidenceSource,한강홍수통제소 댐방류승인 순차번호 1275
APR:1368,Approval,승인 1368 (충주댐)
EVI:AP:1368,EvidenceSource,한강홍수통제소 댐방류승인 순차번호 1368
APR:1369,Approval,승인 1369 (횡성댐)
EVI:AP:1369,EvidenceSource,한강홍수통제소 댐방류승인 순차번호 1369
APR:1391,Approval,승인 1391 (충주조정지)
EVI:AP:1391,EvidenceSource,한강홍수통제소 댐방류승인 순차번호 1391
APR:1445,Approval,승인 1445 (충주댐)
EVI:AP:1445,EvidenceSource,한강홍수통제소 댐방류승인 순차번호 1445
APR:1446,Approval,승인 1446 (횡성댐)
EVI:AP:1446,EvidenceSource,한강홍수통제소 댐방류승인 순차번호 1446
APR:1580,Approval,승인 1580 (횡성댐)
EVI:AP:1580,EvidenceSource,한강홍수통제소 댐방류승인 순차번호 1580
APR:1669,Approval,승인 1669 (횡성댐)
EVI:AP:1669,EvidenceSource,한강홍수통제소 댐방류승인 순차번호 1669
APR:1670,Approval,승인 1670 (횡성댐)
EVI:AP:1670,EvidenceSource,한강홍수통제소 댐방류승인 순차번호 1670
APR:1687,Approval,승인 1687 (횡성댐)
EVI:AP:1687,EvidenceSource,한강홍수통제소 댐방류승인 순차번호 1687
APR:1992,Approval,승인 1992 (횡성댐)
EVI:AP:1992,EvidenceSource,한강홍수통제소 댐방류승인 순차번호 1992
APR:2218,Approval,승인 2218 (광동댐)
EVI:AP:2218,EvidenceSource,한강홍수통제소 댐방류승인 순차번호 2218
APR:2219,Approval,승인 2219 (광동댐)
EVI:AP:2219,EvidenceSource,한강홍수통제소 댐방류승인 순차번호 2219
APR:2220,Approval,승인 2220 (광동댐)
EVI:AP:2220,EvidenceSource,한강홍수통제소 댐방류승인 순차번호 2220
APR:2327,Approval,승인 2327 (광동댐)
EVI:AP:2327,EvidenceSource,한강홍수통제소 댐방류승인 순차번호 2327
APR:2344,Approval,승인 2344 (광동댐)
EVI:AP:2344,EvidenceSource,한강홍수통제소 댐방류승인 순차번호 2344
APR:2350,Approval,승인 2350 (광동댐)
EVI:AP:2350,EvidenceSource,한강홍수통제소 댐방류승인 순차번호 2350
APR:2368,Approval,승인 2368 (광동댐)
EVI:AP:2368,EvidenceSource,한강홍수통제소 댐방류승인 순차번호 2368
APR:2428,Approval,승인 2428 (횡성댐)
EVI:AP:2428,EvidenceSource,한강홍수통제소 댐방류승인 순차번호 2428
APR:2516,Approval,승인 2516 (횡성댐)
EVI:AP:2516,EvidenceSource,한강홍수통제소 댐방류승인 순차번호 2516
APR:2657,Approval,승인 2657 (광동댐)
EVI:AP:2657,EvidenceSource,한강홍수통제소 댐방류승인 순차번호 2657
APR:2713,Approval,승인 2713 (횡성댐)
EVI:AP:2713,EvidenceSource,한강홍수통제소 댐방류승인 순차번호 2713
APR:2714,Approval,승인 2714 (광동댐)
EVI:AP:2714,EvidenceSource,한강홍수통제소 댐방류승인 순차번호 2714
APR:2754,Approval,승인 2754 (소양강댐)
EVI:AP:2754,EvidenceSource,한강홍수통제소 댐방류승인 순차번호 2754
APR:2755,Approval,승인 2755 (충주댐)
EVI:AP:2755,EvidenceSource,한강홍수통제소 댐방류승인 순차번호 2755
APR:2804,Approval,승인 2804 (소양강댐)
EVI:AP:2804,EvidenceSource,한강홍수통제소 댐방류승인 순차번호 2804
APR:2866,Approval,승인 2866 (횡성댐)
EVI:AP:2866,EvidenceSource,한강홍수통제소 댐방류승인 순차번호 2866
APR:2990,Approval,승인 2990 (횡성댐)
EVI:AP:2990,EvidenceSource,한강홍수통제소 댐방류승인 순차번호 2990
APR:2994,Approval,승인 2994 (광동댐)
EVI:AP:2994,EvidenceSource,한강홍수통제소 댐방류승인 순차번호 2994
APR:3034,Approval,승인 3034 (광동댐)
EVI:AP:3034,EvidenceSource,한강홍수통제소 댐방류승인 순차번호 3034
APR:3052,Approval,승인 3052 (광동댐)
EVI:AP:3052,EvidenceSource,한강홍수통제소 댐방류승인 순차번호 3052
APR:3091,Approval,승인 3091 (광동댐)
EVI:AP:3091,EvidenceSource,한강홍수통제소 댐방류승인 순차번호 3091
APR:3142,Approval,승인 3142 (광동댐)
EVI:AP:3142,EvidenceSource,한강홍수통제소 댐방류승인 순차번호 3142
APR:3178,Approval,승인 3178 (충주댐)
EVI:AP:3178,EvidenceSource,한강홍수통제소 댐방류승인 순차번호 3178
APR:3196,Approval,승인 3196 (광동댐)
EVI:AP:3196,EvidenceSource,한강홍수통제소 댐방류승인 순차번호 3196
APR:3227,Approval,승인 3227 (광동댐)
EVI:AP:3227,EvidenceSource,한강홍수통제소 댐방류승인 순차번호 3227
APR:3228,Approval,승인 3228 (광동댐)
EVI:AP:3228,EvidenceSource,한강홍수통제소 댐방류승인 순차번호 3228
APR:3262,Approval,승인 3262 (광동댐)
EVI:AP:3262,EvidenceSource,한강홍수통제소 댐방류승인 순차번호 3262
APR:3270,Approval,승인 3270 (광동댐)
EVI:AP:3270,EvidenceSource,한강홍수통제소 댐방류승인 순차번호 3270
APR:3271,Approval,승인 3271 (광동댐)
EVI:AP:3271,EvidenceSource,한강홍수통제소 댐방류승인 순차번호 3271
APR:3293,Approval,승인 3293 (광동댐)
EVI:AP:3293,EvidenceSource,한강홍수통제소 댐방류승인 순차번호 3293
APR:3297,Approval,승인 3297 (광동댐)
EVI:AP:3297,EvidenceSource,한강홍수통제소 댐방류승인 순차번호 3297
APR:3299,Approval,승인 3299 (광동댐)
EVI:AP:3299,EvidenceSource,한강홍수통제소 댐방류승인 순차번호 3299
APR:3349,Approval,승인 3349 (광동댐)
EVI:AP:3349,EvidenceSource,한강홍수통제소 댐방류승인 순차번호 3349
APR:3365,Approval,승인 3365 (광동댐)
EVI:AP:3365,EvidenceSource,한강홍수통제소 댐방류승인 순차번호 3365
APR:3377,Approval,승인 3377 (광동댐)
EVI:AP:3377,EvidenceSource,한강홍수통제소 댐방류승인 순차번호 3377
APR:3412,Approval,승인 3412 (충주댐)
EVI:AP:3412,EvidenceSource,한강홍수통제소 댐방류승인 순차번호 3412
APR:3451,Approval,승인 3451 (광동댐)
EVI:AP:3451,EvidenceSource,한강홍수통제소 댐방류승인 순차번호 3451
APR:3475,Approval,승인 3475 (횡성댐)
EVI:AP:3475,EvidenceSource,한강홍수통제소 댐방류승인 순차번호 3475
APR:3503,Approval,승인 3503 (소양강댐)
EVI:AP:3503,EvidenceSource,한강홍수통제소 댐방류승인 순차번호 3503
APR:3519,Approval,승인 3519 (충주댐)
EVI:AP:3519,EvidenceSource,한강홍수통제소 댐방류승인 순차번호 3519
APR:3646,Approval,승인 3646 (소양강댐)
EVI:AP:3646,EvidenceSource,한강홍수통제소 댐방류승인 순차번호 3646
APR:3647,Approval,승인 3647 (충주댐)
EVI:AP:3647,EvidenceSource,한강홍수통제소 댐방류승인 순차번호 3647
APR:3648,Approval,승인 3648 (횡성댐)
EVI:AP:3648,EvidenceSource,한강홍수통제소 댐방류승인 순차번호 3648
APR:3663,Approval,승인 3663 (광동댐)
EVI:AP:3663,EvidenceSource,한강홍수통제소 댐방류승인 순차번호 3663
APR:3732,Approval,승인 3732 (횡성댐)
EVI:AP:3732,EvidenceSource,한강홍수통제소 댐방류승인 순차번호 3732
APR:3733,Approval,승인 3733 (광동댐)
EVI:AP:3733,EvidenceSource,한강홍수통제소 댐방류승인 순차번호 3733
APR:3742,Approval,승인 3742 (횡성댐)
EVI:AP:3742,EvidenceSource,한강홍수통제소 댐방류승인 순차번호 3742
APR:3758,Approval,승인 3758 (광동댐)
EVI:AP:3758,EvidenceSource,한강홍수통제소 댐방류승인 순차번호 3758
APR:3767,Approval,승인 3767 (횡성댐)
EVI:AP:3767,EvidenceSource,한강홍수통제소 댐방류승인 순차번호 3767
APR:3770,Approval,승인 3770 (소양강댐)
EVI:AP:3770,EvidenceSource,한강홍수통제소 댐방류승인 순차번호 3770
APR:3771,Approval,승인 3771 (충주댐)
EVI:AP:3771,EvidenceSource,한강홍수통제소 댐방류승인 순차번호 3771
APR:3773,Approval,승인 3773 (광동댐)
EVI:AP:3773,EvidenceSource,한강홍수통제소 댐방류승인 순차번호 3773
APR:3862,Approval,승인 3862 (광동댐)
EVI:AP:3862,EvidenceSource,한강홍수통제소 댐방류승인 순차번호 3862
APR:3863,Approval,승인 3863 (광동댐)
EVI:AP:3863,EvidenceSource,한강홍수통제소 댐방류승인 순차번호 3863
APR:3899,Approval,승인 3899 (광동댐)
EVI:AP:3899,EvidenceSource,한강홍수통제소 댐방류승인 순차번호 3899
APR:3918,Approval,승인 3918 (광동댐)
EVI:AP:3918,EvidenceSource,한강홍수통제소 댐방류승인 순차번호 3918
APR:3919,Approval,승인 3919 (광동댐)
EVI:AP:3919,EvidenceSource,한강홍수통제소 댐방류승인 순차번호 3919
OPR:279:1,Operation,횡성댐 방류종료 (2010-09-11 16:00)
OPR:394:1,Operation,횡성댐 증가방류 (2010-09-20 17:50)
OPR:444:1,Operation,충주조정지 증가방류 (2011-05-09 18:00)
OPR:448:1,Operation,충주조정지 증가방류 (2011-05-11 08:00)
OPR:464:1,Operation,충주조정지 점진·점증방류 (2011-05-24 15:00)
OPR:466:1,Operation,충주조정지 방류 (2011-05-28 06:00)
OPR:473:1,Operation,횡성댐 방류 (2011-06-24 18:00)
OPR:480:1,Operation,충주조정지 증가방류 (2011-06-24 22:00)
OPR:504:1,Operation,충주댐 방류 (2011-06-27 20:00)
OPR:574:1,Operation,충주댐 방류 (2011-07-01 19:00)
OPR:597:1,Operation,충주댐 증가방류 (2011-07-04 06:00)
OPR:598:1,Operation,충주조정지 증가방류 (2011-07-04 06:00)
OPR:612:1,Operation,횡성댐 방류 (2011-07-04 10:00)
OPR:626:1,Operation,충주댐 증가방류 (2011-07-05 17:00)
OPR:826:1,Operation,충주조정지 탄력적 방류 (2011-07-27 17:00)
OPR:842:1,Operation,횡성댐 증가방류 (2011-07-28 00:00)
OPR:842:2,Operation,횡성댐 탄력적 방류 (2011-07-28 00:00)
OPR:1102:1,Operation,횡성댐 방류 (2011-08-17 17:00)
OPR:1103:1,Operation,충주댐 점진·점증방류 (2011-08-17 18:00)
OPR:1104:1,Operation,충주조정지 점진·점증방류 (2011-08-17 18:00)
OPR:1114:1,Operation,충주댐 증가방류 (2011-08-18 17:00)
OPR:1115:1,Operation,충주조정지 증가방류 (2011-08-18 17:00)
OPR:1152:1,Operation,충주조정지 수문조작(연계 시설) (2012-04-02 20:00)
OPR:1264:1,Operation,충주조정지 탄력적 방류 (2012-08-12 19:00)
OPR:1368:1,Operation,충주댐 탄력적 방류 (2012-08-24 15:00)
OPR:1445:1,Operation,충주댐 탄력적 방류 (2012-09-14 17:00)
OPR:1446:1,Operation,횡성댐 탄력적 방류 (2012-09-14 17:00)
OPR:1580:1,Operation,횡성댐 탄력적 방류 (2013-07-13 13:00)
OPR:2327:1,Operation,광동댐 초기방류 (2016-07-16 12:00)
OPR:2344:1,Operation,광동댐 초기방류 (2016-08-29 00:00)
OPR:2350:1,Operation,광동댐 탄력적 방류 (2016-10-02 17:00)
OPR:2368:1,Operation,광동댐 초기방류 (2017-07-04 06:00)
OPR:2428:1,Operation,횡성댐 초기방류 (2017-07-11 09:00)
OPR:2516:1,Operation,횡성댐 초기방류 (2017-07-21 19:00)
OPR:2657:1,Operation,광동댐 초기방류 (2017-08-16 16:00)
OPR:2713:1,Operation,횡성댐 탄력적 방류 (2017-08-23 17:00)
OPR:2714:1,Operation,광동댐 탄력적 방류 (2017-08-23 17:00)
OPR:2754:1,Operation,소양강댐 초기방류 (2017-08-25 14:00)
OPR:2754:2,Operation,소양강댐 탄력적 방류 (2017-08-25 14:00)
OPR:2755:1,Operation,충주댐 초기방류 (2017-08-25 14:00)
OPR:2755:2,Operation,충주댐 탄력적 방류 (2017-08-25 14:00)
OPR:2804:1,Operation,소양강댐 탄력적 방류 (2017-08-25 14:00)
OPR:2866:1,Operation,횡성댐 증가방류 (2017-08-23 17:00)
OPR:2866:2,Operation,횡성댐 탄력적 방류 (2017-08-23 17:00)
OPR:2990:1,Operation,횡성댐 탄력적 방류 (2018-06-29 16:30)
OPR:2994:1,Operation,광동댐 탄력적 방류 (2018-06-30 12:00)
OPR:3034:1,Operation,광동댐 탄력적 방류 (2018-07-06 12:00)
OPR:3052:1,Operation,광동댐 탄력적 방류 (2018-08-23 22:00)
OPR:3142:1,Operation,광동댐 탄력적 방류 (2018-08-31 18:00)
OPR:3178:1,Operation,충주댐 탄력적 방류 (2018-09-05 14:00)
OPR:3196:1,Operation,광동댐 탄력적 방류 (2018-10-05 10:00)
OPR:3227:1,Operation,광동댐 초기방류 (2019-06-20 18:00)
OPR:3227:2,Operation,광동댐 탄력적 방류 (2019-06-20 18:00)
OPR:3271:1,Operation,광동댐 탄력적 방류 (2019-09-03 21:00)
OPR:3293:1,Operation,광동댐 탄력적 방류 (2019-09-20 16:00)
OPR:3299:1,Operation,광동댐 탄력적 방류 (2019-10-02 13:00)
OPR:3349:1,Operation,광동댐 탄력적 방류 (2020-06-29 18:00)
OPR:3365:1,Operation,광동댐 탄력적 방류 (2020-07-23 16:30)
OPR:3451:1,Operation,광동댐 증가방류 (2020-08-03 16:00)
OPR:3475:1,Operation,횡성댐 탄력적 방류 (2020-08-04 15:00)
OPR:3646:1,Operation,소양강댐 탄력적 방류 (2020-08-05 15:00)
OPR:3647:1,Operation,충주댐 탄력적 방류 (2020-08-06 06:00)
OPR:3648:1,Operation,횡성댐 탄력적 방류 (2020-08-04 15:00)
OPR:3733:1,Operation,광동댐 방류 (2020-08-26 19:00)
OPR:3742:1,Operation,횡성댐 탄력적 방류 (2020-08-29 11:00)
OPR:3758:1,Operation,광동댐 탄력적 방류 (2020-09-01 17:00)
OPR:3770:1,Operation,소양강댐 방류 (2020-09-03 12:00)
OPR:3771:1,Operation,충주댐 방류 (2020-09-03 12:00)
OPR:3862:1,Operation,광동댐 방류 (2020-07-14 13:30)
CRI:CR-01,Criterion,소양강댐 홍수기 제한수위
CRI:CR-02,Criterion,충주댐 홍수기 제한수위
CRI:CR-03,Criterion,횡성댐 홍수기 제한수위
