dam,station_kind,station_code,station_name
충주댐,우량,1001436,강릉시(대기리)
충주댐,우량,1003430,단양군(가평리)
충주댐,우량,1003412,단양군(오사리)
충주댐,우량,1003434,단양군(율곡리)
충주댐,우량,1003424,단양군(하방리)
충주댐,우량,1001456,삼척시(광동댐)
충주댐,우량,1001438,삼척시(광동리)
충주댐,우량,1003432,영월군(내리)
충주댐,우량,1002436,영월군(무릉리)
충주댐,우량,1001434,영월군(북쌍리)
충주댐,우량,1002448,영월군(연덕리)
충주댐,우량,1003422,영월군(주문리)
충주댐,우량,1002444,원주시(황둔리)
충주댐,우량,1001446,정선군(덕암리)
충주댐,우량,1001450,정선군(문곡리)
충주댐,우량,1001420,정선군(송계리)
충주댐,우량,1001430,정선군(여탄리)
충주댐,우량,1001444,정선군(유천리)
충주댐,우량,1001432,정선군(직전리)
충주댐,우량,1003436,제천시(도전리)
충주댐,우량,1003420,제천시(물태리)
충주댐,우량,1003438,제천시(삼거리)
충주댐,우량,1003426,제천시(평동리)
충주댐,우량,1003428,충주시(충주댐)
충주댐,우량,1001458,태백시(상사미동)
충주댐,우량,1002440,평창군(계촌리)
충주댐,우량,1002438,평창군(대화리)
충주댐,우량,1001422,평창군(상진부리)
충주댐,우량,1001426,평창군(수하리)
충주댐,우량,1001442,평창군(수항리)
충주댐,우량,1002432,평창군(원길리)
충주댐,우량,1001440,평창군(율치리)
충주댐,우량,1001448,평창군(회동리)
충주댐,우량,1002434,평창군(후평리)
충주댐,우량,1002442,횡성군(부곡리)
충주댐,우량,1002446,횡성군(상안리)
충주댐,수위,9000251,가대교
충주댐,수위,9000252,단양군(상진대교)
충주댐,수위,1003630,단양군(오사리)
충주댐,수위,9000253,단양군(우화교)
충주댐,수위,9000182,무사교
충주댐,수위,1001675,영월2
충주댐,수위,1002695,영월군(북쌍리)
충주댐,수위,1003626,영월군(삼옥교)
충주댐,수위,1002655,영월군(판운교)
충주댐,수위,8000081,우안(충주댐)
충주댐,수위,8000080,월악
충주댐,수위,1003655,제천시(청풍교)
충주댐,수위,8000119,충주보조수위
충주댐,수위,9000181,충주시(명서교)
충주댐,수위,1003690,충주시(충주댐)
충주댐,수위,1003696,충주시(충주댐방수로)
충주댐,수위,9000273,충주시(팔봉교)
충주댐,수위,1004690,충주시(향산리)
소양강댐,우량,1001460,시험2
소양강댐,우량,1011432,인제군(귀둔리)
소양강댐,우량,1011418,인제군(남전리)
소양강댐,우량,1012432,인제군(덕적리)
소양강댐,우량,1011424,인제군(상남초교)
소양강댐,우량,1010430,인제군(서성초교)
소양강댐,우량,1011428,인제군(신남리)
소양강댐,우량,1010470,인제군(용대초교)
소양강댐,우량,1010440,인제군(한계초교)
소양강댐,우량,1011414,인제군(현리)
소양강댐,우량,9000143,춘천시(소양강댐)
소양강댐,우량,1011416,춘천시(추곡초교)
소양강댐,우량,1011430,홍천군(명개리2)
소양강댐,우량,9000139,홍천군(창촌리)
소양강댐,수위,1010640,양구군(각시교)
소양강댐,수위,9000272,인제군(도리촌교)
소양강댐,수위,1012670,인제군(양구대교)
소양강댐,수위,1011650,인제군(어두원교)
소양강댐,수위,1012650,인제군(원대교)
소양강댐,수위,1011690,인제군(월학리)
소양강댐,수위,1012702,춘천시(소양6교)
소양강댐,수위,1012110,춘천시(소양강댐)
소양강댐,수위,1011692,춘천시(소양강댐방수로)
횡성댐,우량,9000005,횡성군(갑천리)
횡성댐,우량,9000006,횡성군(춘당리)
횡성댐,우량,9000007,횡성군(횡성댐)
횡성댐,수위,9000250,섬강교
횡성댐,수위,9900010,횡성 수위감지
횡성댐,수위,8000093,횡성교
횡성댐,수위,1006610,횡성군(율동리)
횡성댐,수위,1006620,횡성군(횡성댐)
광동댐,우량,9000040,삼척시(광동댐)
광동댐,우량,1001452,태백시(상사미동)
광동댐,수위,9000266,삼척시(갈밭교)
광동댐,수위,9000264,삼척시(광동교)
광동댐,수위,9000268,삼척시(번천교)
광동댐,수위,9000265,태백시(무사교)
군남댐,우량,9000239,연천군(군남댐)
군남댐,우량,9000240,연천군(횡산리)
군남댐,수위,1021615,북삼
군남댐,수위,1022664,사랑교
군남댐,수위,1021701,연천군(군남댐)
군남댐,수위,1021612,임진교
군남댐,수위,1021606,필승교
군남댐,수위,9000300,필승교(레이더1)
군남댐,수위,9000302,필승교(레이더2)
군남댐,수위,9000301,필승교(부자1)
군남댐,수위,9000303,필승교(부자2)
군남댐,수위,9000304,필승교_국(부자)
군남댐,수위,9000305,필승교_국(영상)
평화의댐,우량,9000004,화천군(평화의댐)
평화의댐,우량,1009465,화천군(풍산리)
평화의댐,수위,1009650,평화의댐(보조)
평화의댐,수위,8000007,화천군(오작교)
평화의댐,수위,1009654,화천군(평화나래교)
평화의댐,수위,1009710,화천군(평화의댐)
평화의댐,수위,8000008,화천군(화천대교)
충주조정지,우량,1004424,괴산군(고마리)
충주조정지,우량,1004418,괴산군(오가리)
충주조정지,우량,1004420,충주시(대곡리)
충주조정지,우량,1004422,충주시(향산리)
충주조정지,수위,1005605,충주시(충주조정지댐)
충주조정지,수위,8000009,충주시(충주조정지댐방수로)
충주조정지,수위,1001633,테스트123
