case_id,window,row_number_in_approval_file,순차번호,관측소코드,관측소명,승인년월일시분,방류시작시간,접수방류량,접수일자,비고(verbatim),linked_dam_in_measurement_source,linked_criterion_id,linked_criterion_value_verbatim,linked_document_id(연계운영규정 PDF),"n_hourly_measurement_rows_extracted(-6h..+12h, naive label)"
AP-3262,B,3262,3262,1001210,광동,2019-08-05,2019-08-06 14:00,80,2019-08-05,,광동댐(MyWater DAM_CD 동일; 동일시설 확정 REVIEW_REQUIRED),,별표3에 해당 시설 없음(광동댐은 용수댐; 기준 미연결),,19
AP-3270,B,3270,3270,1001210,광동,2019-08-14,2019-08-14 17:00,80,2019-08-14,,광동댐(MyWater DAM_CD 동일; 동일시설 확정 REVIEW_REQUIRED),,별표3에 해당 시설 없음(광동댐은 용수댐; 기준 미연결),,19
AP-3271,B,3271,3271,1001210,광동,2019-09-03,2019-09-03 21:00,80,2019-09-03,(최대 80㎥/s 이내 탄력적 방류),광동댐(MyWater DAM_CD 동일; 동일시설 확정 REVIEW_REQUIRED),,별표3에 해당 시설 없음(광동댐은 용수댐; 기준 미연결),,19
AP-3293,B,3293,3293,1001210,광동,2019-09-20,2019-09-20 16:00,100,2019-09-20,(최대 100㎥/s 이내 탄력적 방류),광동댐(MyWater DAM_CD 동일; 동일시설 확정 REVIEW_REQUIRED),,별표3에 해당 시설 없음(광동댐은 용수댐; 기준 미연결),,19
AP-3297,B,3297,3297,1001210,광동,2019-09-22,2019-09-20 16:00,400,2019-09-22,(변경승인) 100㎥/s → 400㎥/s,광동댐(MyWater DAM_CD 동일; 동일시설 확정 REVIEW_REQUIRED),,별표3에 해당 시설 없음(광동댐은 용수댐; 기준 미연결),,19
AP-3299,B,3299,3299,1001210,광동,2019-10-02,2019-10-02 13:00,300,2019-10-02,(최대 300㎥/s 이내 탄력적 방류) ,광동댐(MyWater DAM_CD 동일; 동일시설 확정 REVIEW_REQUIRED),,별표3에 해당 시설 없음(광동댐은 용수댐; 기준 미연결),,19
AP-3412,A,3412,3412,1003110,충주,2020-08-02,2020-08-02 18:00,3000,2020-08-02,,충주댐(MyWater DAM_CD 동일; 동일시설 확정 REVIEW_REQUIRED),CR-02,홍수기 제한수위 셀 원문='138.0'; 시설별 최저 운영수위 셀 원문='-',DOC-02,19
AP-3451,A,3451,3451,1001210,광동,2020-08-03,2020-08-03 16:00,100,2020-08-03,(증가방류이내100㎥/s),광동댐(MyWater DAM_CD 동일; 동일시설 확정 REVIEW_REQUIRED),,별표3에 해당 시설 없음(광동댐은 용수댐; 기준 미연결),,19
AP-3475,A,3475,3475,1006110,횡성,2020-08-04,2020-08-04 15:00,300,2020-08-04,횡성댐 방류승인 최대 300㎥/s (강우상황에 따라 방류량 탄력 조절예정),횡성댐(MyWater DAM_CD 동일; 동일시설 확정 REVIEW_REQUIRED),CR-03,홍수기 제한수위 셀 원문='178.2'; 시설별 최저 운영수위 셀 원문='-',DOC-02,19
AP-3503,A,3503,3503,1012110,소양강,2020-08-05,2020-08-05 15:00,3000,2020-08-05,,소양강댐(MyWater DAM_CD 동일; 동일시설 확정 REVIEW_REQUIRED),CR-01,홍수기 제한수위 셀 원문='190.3'; 시설별 최저 운영수위 셀 원문='-',DOC-02,19
AP-3519,A,3519,3519,1003110,충주,2020-08-06,2020-08-02 18:00,7000,2020-08-06,방류기간 (당초) 08/02 18:00 ~ 08/12 18:00 (변경) 08/02 18:00 ~ 08/16 24:00 방류량(당초) 3000㎥/s(변경) 7000㎥/s,충주댐(MyWater DAM_CD 동일; 동일시설 확정 REVIEW_REQUIRED),CR-02,홍수기 제한수위 셀 원문='138.0'; 시설별 최저 운영수위 셀 원문='-',DOC-02,19
AP-3646,A,3646,3646,1012110,소양강,2020-08-12,2020-08-05 15:00,3000,2020-08-12,수문방류 변경승인(방류기간연장)  최대방류량내 탄력적 방류방류기간 (당초) 08/05 15:00 ~ 08/16 00:00 (변경) 08/05 15:00 ~ 08/22 00:00 ,소양강댐(MyWater DAM_CD 동일; 동일시설 확정 REVIEW_REQUIRED),CR-01,홍수기 제한수위 셀 원문='190.3'; 시설별 최저 운영수위 셀 원문='-',DOC-02,19
AP-3647,A,3647,3647,1003110,충주,2020-08-12,2020-08-06 06:00,7000,2020-08-12,수문방류 변경승인(방류기간연장)  최대방류량내 탄력적 방류방류기간 (당초) 08/06 06:00 ~ 08/17 00:00 (변경) 08/06 06:00 ~ 08/22 00:00 ,충주댐(MyWater DAM_CD 동일; 동일시설 확정 REVIEW_REQUIRED),CR-02,홍수기 제한수위 셀 원문='138.0'; 시설별 최저 운영수위 셀 원문='-',DOC-02,19
AP-3648,A,3648,3648,1006110,횡성,2020-08-12,2020-08-04 15:00,300,2020-08-12,수문방류 변경승인(방류기간연장)  최대방류량내 탄력적 방류방류기간 (당초) 08/04 15:00 ~ 08/15 00:00 (변경) 08/04 15:00 ~ 08/22 00:00 ,횡성댐(MyWater DAM_CD 동일; 동일시설 확정 REVIEW_REQUIRED),CR-03,홍수기 제한수위 셀 원문='178.2'; 시설별 최저 운영수위 셀 원문='-',DOC-02,19
AP-3663,A,3663,3663,1001210,광동,2020-08-13,2020-08-03 16:00,100,2020-08-13,방류기간 (당초) 08/03 16:00 ~ 08/14 15:00 (변경) 08/03 16:00 ~ 08/21 15:00 ,광동댐(MyWater DAM_CD 동일; 동일시설 확정 REVIEW_REQUIRED),,별표3에 해당 시설 없음(광동댐은 용수댐; 기준 미연결),,19
AP-3732,A,3732,3732,1006110,횡성,2020-08-26,2020-08-26 16:00,50,2020-08-26,(발전방류 포함),횡성댐(MyWater DAM_CD 동일; 동일시설 확정 REVIEW_REQUIRED),CR-03,홍수기 제한수위 셀 원문='178.2'; 시설별 최저 운영수위 셀 원문='-',DOC-02,19
AP-3733,A,3733,3733,1001210,광동,2020-08-26,2020-08-26 19:00,70,2020-08-26,광동댐 수문방류 승인,광동댐(MyWater DAM_CD 동일; 동일시설 확정 REVIEW_REQUIRED),,별표3에 해당 시설 없음(광동댐은 용수댐; 기준 미연결),,19
AP-3742,A,3742,3742,1006110,횡성,2020-08-29,2020-08-29 11:00,100,2020-08-29,(강우상황 고려 발전방류 포함 최대 100㎥/s 탄력방류),횡성댐(MyWater DAM_CD 동일; 동일시설 확정 REVIEW_REQUIRED),CR-03,홍수기 제한수위 셀 원문='178.2'; 시설별 최저 운영수위 셀 원문='-',DOC-02,19
AP-3758,A,3758,3758,1001210,광동,2020-09-01,2020-09-01 17:00,190,2020-09-01,(최대 190㎥/s 이내 탄력적 방류),광동댐(MyWater DAM_CD 동일; 동일시설 확정 REVIEW_REQUIRED),,별표3에 해당 시설 없음(광동댐은 용수댐; 기준 미연결),,19
AP-3767,A,3767,3767,1006110,횡성,2020-09-02,2020-08-29 11:00,300,2020-09-02,(횡성댐 수문방류 변경승인)방류기간 (당초) 08/29 11:00 ~ 09/05 00:00 (변경) 08/29 11:00 ~ 09/12 00:00 방류량(당초) 100㎥/s(변경) 300㎥/s,횡성댐(MyWater DAM_CD 동일; 동일시설 확정 REVIEW_REQUIRED),CR-03,홍수기 제한수위 셀 원문='178.2'; 시설별 최저 운영수위 셀 원문='-',DOC-02,19
AP-3770,A,3770,3770,1012110,소양강,2020-09-02,2020-09-03 12:00,1000,2020-09-02,(소양강댐 수문방류 승인 최대 1000㎥/s),소양강댐(MyWater DAM_CD 동일; 동일시설 확정 REVIEW_REQUIRED),CR-01,홍수기 제한수위 셀 원문='190.3'; 시설별 최저 운영수위 셀 원문='-',DOC-02,19
AP-3771,A,3771,3771,1003110,충주,2020-09-02,2020-09-03 12:00,2000,2020-09-02,(충주댐 수문방류 승인 최대 2000㎥/s),충주댐(MyWater DAM_CD 동일; 동일시설 확정 REVIEW_REQUIRED),CR-02,홍수기 제한수위 셀 원문='138.0'; 시설별 최저 운영수위 셀 원문='-',DOC-02,19
AP-3773,A,3773,3773,1001210,광동,2020-09-03,2020-09-03 07:00,400,2020-09-03,방류기간 (당초) 09/01 17:00 ~ 09/04 17:00 (변경) 09/01 17:00 ~ 09/08 17:00 방류량(당초) 190㎥/s(변경) 400㎥/s,광동댐(MyWater DAM_CD 동일; 동일시설 확정 REVIEW_REQUIRED),,별표3에 해당 시설 없음(광동댐은 용수댐; 기준 미연결),,19
AP-3863,A,3863,3863,1001210,광동,2020-08-07,2020-08-03 16:00,100,2020-09-14,광동댐 기간연장,광동댐(MyWater DAM_CD 동일; 동일시설 확정 REVIEW_REQUIRED),,별표3에 해당 시설 없음(광동댐은 용수댐; 기준 미연결),,19
