dam_name,variable_type,source_system,lookup_key_type,lookup_key,source_field,source_url,evidence,verification_status
광동댐,저수위(수위),"MyWater ajaxProc getHydr (damCd=DAM_CD, param1=H|D)",DAM_CODE,1001210,"DATA1 (응답 DATAn) ; SDATE=시각 라벨; 요청 파라미터 damCd, param1(해상도), startDate, endDate",https://www.water.or.kr/kor/realtime/sumun/index.do?mode=sumun&menuId=13_91_93_94,"원자료 응답에 DAM_CD=1001210 행으로 반환(03_normalized/kwater_mywater_hydr_*_wide.csv.gz); 수집된 dataset: hydr-D,hydr-H; 변수 정의는 variable_dictionary.csv에서 REVIEW_REQUIRED",VERIFIED_BY_RAW_RESPONSE
광동댐,저수량,"MyWater ajaxProc getHydr (damCd=DAM_CD, param1=H|D)",DAM_CODE,1001210,"DATA2 (응답 DATAn) ; SDATE=시각 라벨; 요청 파라미터 damCd, param1(해상도), startDate, endDate",https://www.water.or.kr/kor/realtime/sumun/index.do?mode=sumun&menuId=13_91_93_94,"원자료 응답에 DAM_CD=1001210 행으로 반환(03_normalized/kwater_mywater_hydr_*_wide.csv.gz); 수집된 dataset: hydr-D,hydr-H; 변수 정의는 variable_dictionary.csv에서 REVIEW_REQUIRED",VERIFIED_BY_RAW_RESPONSE
광동댐,강우량(댐 단위 항목),"MyWater ajaxProc getHydr (damCd=DAM_CD, param1=H|D)",DAM_CODE,1001210,"DATA3 (응답 DATAn) ; SDATE=시각 라벨; 요청 파라미터 damCd, param1(해상도), startDate, endDate",https://www.water.or.kr/kor/realtime/sumun/index.do?mode=sumun&menuId=13_91_93_94,"원자료 응답에 DAM_CD=1001210 행으로 반환(03_normalized/kwater_mywater_hydr_*_wide.csv.gz); 수집된 dataset: hydr-D,hydr-H; 변수 정의는 variable_dictionary.csv에서 REVIEW_REQUIRED",VERIFIED_BY_RAW_RESPONSE
광동댐,유입량,"MyWater ajaxProc getHydr (damCd=DAM_CD, param1=H|D)",DAM_CODE,1001210,"DATA4 (응답 DATAn) ; SDATE=시각 라벨; 요청 파라미터 damCd, param1(해상도), startDate, endDate",https://www.water.or.kr/kor/realtime/sumun/index.do?mode=sumun&menuId=13_91_93_94,"원자료 응답에 DAM_CD=1001210 행으로 반환(03_normalized/kwater_mywater_hydr_*_wide.csv.gz); 수집된 dataset: hydr-D,hydr-H; 변수 정의는 variable_dictionary.csv에서 REVIEW_REQUIRED",VERIFIED_BY_RAW_RESPONSE
광동댐,총방류량,"MyWater ajaxProc getHydr (damCd=DAM_CD, param1=H|D)",DAM_CODE,1001210,"DATA6 (응답 DATAn) ; SDATE=시각 라벨; 요청 파라미터 damCd, param1(해상도), startDate, endDate",https://www.water.or.kr/kor/realtime/sumun/index.do?mode=sumun&menuId=13_91_93_94,"원자료 응답에 DAM_CD=1001210 행으로 반환(03_normalized/kwater_mywater_hydr_*_wide.csv.gz); 수집된 dataset: hydr-D,hydr-H; 변수 정의는 variable_dictionary.csv에서 REVIEW_REQUIRED",VERIFIED_BY_RAW_RESPONSE
광동댐,저수율,"MyWater ajaxProc getHydr (damCd=DAM_CD, param1=H|D)",DAM_CODE,1001210,"DATA7 (응답 DATAn) ; SDATE=시각 라벨; 요청 파라미터 damCd, param1(해상도), startDate, endDate",https://www.water.or.kr/kor/realtime/sumun/index.do?mode=sumun&menuId=13_91_93_94,"원자료 응답에 DAM_CD=1001210 행으로 반환(03_normalized/kwater_mywater_hydr_*_wide.csv.gz); 수집된 dataset: hydr-D,hydr-H; 변수 정의는 variable_dictionary.csv에서 REVIEW_REQUIRED",VERIFIED_BY_RAW_RESPONSE
광동댐,강우량(관측소 단위: 시간우량/누적우량),MyWater ajaxProc getRain / getRainTrend (param1=A),STATION_CODE,damCd=1001210 + obsCd(OBS_CD) ; 관측소 2개(03_normalized/observation_station_list.csv),"OBS_CD ; 시계열 조회는 getRainTrend(damCd, obsCd, param1, rainJobGb, rainStartDate, rainEndDate)",https://www.water.or.kr/kor/realtime/sumun/index.do?mode=sumun&menuId=13_91_93_94,"이 댐은 getRainTrend를 호출하지 않음(사이트 JS의 파라미터 정의만 확인: mywater_sumun_page_2026-09-29.html) ; 관측소는 조회 파라미터 damCd 아래에 나열(각 OBS_CD는 정확히 1개 damCd 아래에만 등장, 94/94) — 공간·수문학적 관계로 확정 아님",KEY_PATTERN_FROM_SITE_JS (not probed)
충주댐,저수위(수위),"MyWater ajaxProc getHydr (damCd=DAM_CD, param1=H|D)",DAM_CODE,1003110,"DATA1 (응답 DATAn) ; SDATE=시각 라벨; 요청 파라미터 damCd, param1(해상도), startDate, endDate",https://www.water.or.kr/kor/realtime/sumun/index.do?mode=sumun&menuId=13_91_93_94,"원자료 응답에 DAM_CD=1003110 행으로 반환(03_normalized/kwater_mywater_hydr_*_wide.csv.gz); 수집된 dataset: hydr-D,hydr-H; 변수 정의는 variable_dictionary.csv에서 REVIEW_REQUIRED",VERIFIED_BY_RAW_RESPONSE
충주댐,저수량,"MyWater ajaxProc getHydr (damCd=DAM_CD, param1=H|D)",DAM_CODE,1003110,"DATA2 (응답 DATAn) ; SDATE=시각 라벨; 요청 파라미터 damCd, param1(해상도), startDate, endDate",https://www.water.or.kr/kor/realtime/sumun/index.do?mode=sumun&menuId=13_91_93_94,"원자료 응답에 DAM_CD=1003110 행으로 반환(03_normalized/kwater_mywater_hydr_*_wide.csv.gz); 수집된 dataset: hydr-D,hydr-H; 변수 정의는 variable_dictionary.csv에서 REVIEW_REQUIRED",VERIFIED_BY_RAW_RESPONSE
충주댐,강우량(댐 단위 항목),"MyWater ajaxProc getHydr (damCd=DAM_CD, param1=H|D)",DAM_CODE,1003110,"DATA3 (응답 DATAn) ; SDATE=시각 라벨; 요청 파라미터 damCd, param1(해상도), startDate, endDate",https://www.water.or.kr/kor/realtime/sumun/index.do?mode=sumun&menuId=13_91_93_94,"원자료 응답에 DAM_CD=1003110 행으로 반환(03_normalized/kwater_mywater_hydr_*_wide.csv.gz); 수집된 dataset: hydr-D,hydr-H; 변수 정의는 variable_dictionary.csv에서 REVIEW_REQUIRED",VERIFIED_BY_RAW_RESPONSE
충주댐,유입량,"MyWater ajaxProc getHydr (damCd=DAM_CD, param1=H|D)",DAM_CODE,1003110,"DATA4 (응답 DATAn) ; SDATE=시각 라벨; 요청 파라미터 damCd, param1(해상도), startDate, endDate",https://www.water.or.kr/kor/realtime/sumun/index.do?mode=sumun&menuId=13_91_93_94,"원자료 응답에 DAM_CD=1003110 행으로 반환(03_normalized/kwater_mywater_hydr_*_wide.csv.gz); 수집된 dataset: hydr-D,hydr-H; 변수 정의는 variable_dictionary.csv에서 REVIEW_REQUIRED",VERIFIED_BY_RAW_RESPONSE
충주댐,총방류량,"MyWater ajaxProc getHydr (damCd=DAM_CD, param1=H|D)",DAM_CODE,1003110,"DATA6 (응답 DATAn) ; SDATE=시각 라벨; 요청 파라미터 damCd, param1(해상도), startDate, endDate",https://www.water.or.kr/kor/realtime/sumun/index.do?mode=sumun&menuId=13_91_93_94,"원자료 응답에 DAM_CD=1003110 행으로 반환(03_normalized/kwater_mywater_hydr_*_wide.csv.gz); 수집된 dataset: hydr-D,hydr-H; 변수 정의는 variable_dictionary.csv에서 REVIEW_REQUIRED",VERIFIED_BY_RAW_RESPONSE
충주댐,저수율,"MyWater ajaxProc getHydr (damCd=DAM_CD, param1=H|D)",DAM_CODE,1003110,"DATA7 (응답 DATAn) ; SDATE=시각 라벨; 요청 파라미터 damCd, param1(해상도), startDate, endDate",https://www.water.or.kr/kor/realtime/sumun/index.do?mode=sumun&menuId=13_91_93_94,"원자료 응답에 DAM_CD=1003110 행으로 반환(03_normalized/kwater_mywater_hydr_*_wide.csv.gz); 수집된 dataset: hydr-D,hydr-H; 변수 정의는 variable_dictionary.csv에서 REVIEW_REQUIRED",VERIFIED_BY_RAW_RESPONSE
충주댐,강우량(관측소 단위: 시간우량/누적우량),MyWater ajaxProc getRain / getRainTrend (param1=A),STATION_CODE,damCd=1003110 + obsCd(OBS_CD) ; 관측소 36개(03_normalized/observation_station_list.csv),"OBS_CD ; 시계열 조회는 getRainTrend(damCd, obsCd, param1, rainJobGb, rainStartDate, rainEndDate)",https://www.water.or.kr/kor/realtime/sumun/index.do?mode=sumun&menuId=13_91_93_94,"getRainTrend 검증 호출(충주댐 소속 관측소 2개, 2020-08-02~03, 각 48행 반환): 01_raw/KWater/lookup_probe/ ; 관측소는 조회 파라미터 damCd 아래에 나열(각 OBS_CD는 정확히 1개 damCd 아래에만 등장, 94/94) — 공간·수문학적 관계로 확정 아님",VERIFIED_BY_RAW_RESPONSE (probe)
충주댐,수위·유량(관측소 단위),MyWater ajaxProc getRain / getRainTrend (param1=C),STATION_CODE,damCd=1003110 + obsCd(OBS_CD) ; 관측소 13개(03_normalized/observation_station_list.csv),"OBS_CD ; 시계열 조회는 getRainTrend(damCd, obsCd, param1, rainJobGb, rainStartDate, rainEndDate)",https://www.water.or.kr/kor/realtime/sumun/index.do?mode=sumun&menuId=13_91_93_94,"getRainTrend 검증 호출(충주댐 소속 관측소 2개, 2020-08-02~03, 각 48행 반환): 01_raw/KWater/lookup_probe/ ; 관측소는 조회 파라미터 damCd 아래에 나열(각 OBS_CD는 정확히 1개 damCd 아래에만 등장, 94/94) — 공간·수문학적 관계로 확정 아님",VERIFIED_BY_RAW_RESPONSE (probe)
충주조정지,저수위(수위),"MyWater ajaxProc getHydr (damCd=DAM_CD, param1=H|D)",DAM_CODE,1003611,"DATA1 (응답 DATAn) ; SDATE=시각 라벨; 요청 파라미터 damCd, param1(해상도), startDate, endDate",https://www.water.or.kr/kor/realtime/sumun/index.do?mode=sumun&menuId=13_91_93_94,"원자료 응답에 DAM_CD=1003611 행으로 반환(03_normalized/kwater_mywater_hydr_*_wide.csv.gz); 수집된 dataset: hydr-D,hydr-H; 변수 정의는 variable_dictionary.csv에서 REVIEW_REQUIRED",VERIFIED_BY_RAW_RESPONSE
충주조정지,저수량,"MyWater ajaxProc getHydr (damCd=DAM_CD, param1=H|D)",DAM_CODE,1003611,"DATA2 (응답 DATAn) ; SDATE=시각 라벨; 요청 파라미터 damCd, param1(해상도), startDate, endDate",https://www.water.or.kr/kor/realtime/sumun/index.do?mode=sumun&menuId=13_91_93_94,"원자료 응답에 DAM_CD=1003611 행으로 반환(03_normalized/kwater_mywater_hydr_*_wide.csv.gz); 수집된 dataset: hydr-D,hydr-H; 변수 정의는 variable_dictionary.csv에서 REVIEW_REQUIRED",VERIFIED_BY_RAW_RESPONSE
충주조정지,강우량(댐 단위 항목),"MyWater ajaxProc getHydr (damCd=DAM_CD, param1=H|D)",DAM_CODE,1003611,"DATA3 (응답 DATAn) ; SDATE=시각 라벨; 요청 파라미터 damCd, param1(해상도), startDate, endDate",https://www.water.or.kr/kor/realtime/sumun/index.do?mode=sumun&menuId=13_91_93_94,"원자료 응답에 DAM_CD=1003611 행으로 반환(03_normalized/kwater_mywater_hydr_*_wide.csv.gz); 수집된 dataset: hydr-D,hydr-H; 변수 정의는 variable_dictionary.csv에서 REVIEW_REQUIRED",VERIFIED_BY_RAW_RESPONSE
충주조정지,유입량,"MyWater ajaxProc getHydr (damCd=DAM_CD, param1=H|D)",DAM_CODE,1003611,"DATA4 (응답 DATAn) ; SDATE=시각 라벨; 요청 파라미터 damCd, param1(해상도), startDate, endDate",https://www.water.or.kr/kor/realtime/sumun/index.do?mode=sumun&menuId=13_91_93_94,"원자료 응답에 DAM_CD=1003611 행으로 반환(03_normalized/kwater_mywater_hydr_*_wide.csv.gz); 수집된 dataset: hydr-D,hydr-H; 변수 정의는 variable_dictionary.csv에서 REVIEW_REQUIRED",VERIFIED_BY_RAW_RESPONSE
충주조정지,총방류량,"MyWater ajaxProc getHydr (damCd=DAM_CD, param1=H|D)",DAM_CODE,1003611,"DATA6 (응답 DATAn) ; SDATE=시각 라벨; 요청 파라미터 damCd, param1(해상도), startDate, endDate",https://www.water.or.kr/kor/realtime/sumun/index.do?mode=sumun&menuId=13_91_93_94,"원자료 응답에 DAM_CD=1003611 행으로 반환(03_normalized/kwater_mywater_hydr_*_wide.csv.gz); 수집된 dataset: hydr-D,hydr-H; 변수 정의는 variable_dictionary.csv에서 REVIEW_REQUIRED",VERIFIED_BY_RAW_RESPONSE
충주조정지,저수율,"MyWater ajaxProc getHydr (damCd=DAM_CD, param1=H|D)",DAM_CODE,1003611,"DATA7 (응답 DATAn) ; SDATE=시각 라벨; 요청 파라미터 damCd, param1(해상도), startDate, endDate",https://www.water.or.kr/kor/realtime/sumun/index.do?mode=sumun&menuId=13_91_93_94,"원자료 응답에 DAM_CD=1003611 행으로 반환(03_normalized/kwater_mywater_hydr_*_wide.csv.gz); 수집된 dataset: hydr-D,hydr-H; 변수 정의는 variable_dictionary.csv에서 REVIEW_REQUIRED",VERIFIED_BY_RAW_RESPONSE
충주조정지,강우량(관측소 단위: 시간우량/누적우량),MyWater ajaxProc getRain / getRainTrend (param1=A),STATION_CODE,damCd=1003611 + obsCd(OBS_CD) ; 관측소 4개(03_normalized/observation_station_list.csv),"OBS_CD ; 시계열 조회는 getRainTrend(damCd, obsCd, param1, rainJobGb, rainStartDate, rainEndDate)",https://www.water.or.kr/kor/realtime/sumun/index.do?mode=sumun&menuId=13_91_93_94,"이 댐은 getRainTrend를 호출하지 않음(사이트 JS의 파라미터 정의만 확인: mywater_sumun_page_2026-09-29.html) ; 관측소는 조회 파라미터 damCd 아래에 나열(각 OBS_CD는 정확히 1개 damCd 아래에만 등장, 94/94) — 공간·수문학적 관계로 확정 아님",KEY_PATTERN_FROM_SITE_JS (not probed)
횡성댐,저수위(수위),"MyWater ajaxProc getHydr (damCd=DAM_CD, param1=H|D)",DAM_CODE,1006110,"DATA1 (응답 DATAn) ; SDATE=시각 라벨; 요청 파라미터 damCd, param1(해상도), startDate, endDate",https://www.water.or.kr/kor/realtime/sumun/index.do?mode=sumun&menuId=13_91_93_94,"원자료 응답에 DAM_CD=1006110 행으로 반환(03_normalized/kwater_mywater_hydr_*_wide.csv.gz); 수집된 dataset: hydr-D,hydr-H; 변수 정의는 variable_dictionary.csv에서 REVIEW_REQUIRED",VERIFIED_BY_RAW_RESPONSE
횡성댐,저수량,"MyWater ajaxProc getHydr (damCd=DAM_CD, param1=H|D)",DAM_CODE,1006110,"DATA2 (응답 DATAn) ; SDATE=시각 라벨; 요청 파라미터 damCd, param1(해상도), startDate, endDate",https://www.water.or.kr/kor/realtime/sumun/index.do?mode=sumun&menuId=13_91_93_94,"원자료 응답에 DAM_CD=1006110 행으로 반환(03_normalized/kwater_mywater_hydr_*_wide.csv.gz); 수집된 dataset: hydr-D,hydr-H; 변수 정의는 variable_dictionary.csv에서 REVIEW_REQUIRED",VERIFIED_BY_RAW_RESPONSE
횡성댐,강우량(댐 단위 항목),"MyWater ajaxProc getHydr (damCd=DAM_CD, param1=H|D)",DAM_CODE,1006110,"DATA3 (응답 DATAn) ; SDATE=시각 라벨; 요청 파라미터 damCd, param1(해상도), startDate, endDate",https://www.water.or.kr/kor/realtime/sumun/index.do?mode=sumun&menuId=13_91_93_94,"원자료 응답에 DAM_CD=1006110 행으로 반환(03_normalized/kwater_mywater_hydr_*_wide.csv.gz); 수집된 dataset: hydr-D,hydr-H; 변수 정의는 variable_dictionary.csv에서 REVIEW_REQUIRED",VERIFIED_BY_RAW_RESPONSE
횡성댐,유입량,"MyWater ajaxProc getHydr (damCd=DAM_CD, param1=H|D)",DAM_CODE,1006110,"DATA4 (응답 DATAn) ; SDATE=시각 라벨; 요청 파라미터 damCd, param1(해상도), startDate, endDate",https://www.water.or.kr/kor/realtime/sumun/index.do?mode=sumun&menuId=13_91_93_94,"원자료 응답에 DAM_CD=1006110 행으로 반환(03_normalized/kwater_mywater_hydr_*_wide.csv.gz); 수집된 dataset: hydr-D,hydr-H; 변수 정의는 variable_dictionary.csv에서 REVIEW_REQUIRED",VERIFIED_BY_RAW_RESPONSE
횡성댐,총방류량,"MyWater ajaxProc getHydr (damCd=DAM_CD, param1=H|D)",DAM_CODE,1006110,"DATA6 (응답 DATAn) ; SDATE=시각 라벨; 요청 파라미터 damCd, param1(해상도), startDate, endDate",https://www.water.or.kr/kor/realtime/sumun/index.do?mode=sumun&menuId=13_91_93_94,"원자료 응답에 DAM_CD=1006110 행으로 반환(03_normalized/kwater_mywater_hydr_*_wide.csv.gz); 수집된 dataset: hydr-D,hydr-H; 변수 정의는 variable_dictionary.csv에서 REVIEW_REQUIRED",VERIFIED_BY_RAW_RESPONSE
횡성댐,저수율,"MyWater ajaxProc getHydr (damCd=DAM_CD, param1=H|D)",DAM_CODE,1006110,"DATA7 (응답 DATAn) ; SDATE=시각 라벨; 요청 파라미터 damCd, param1(해상도), startDate, endDate",https://www.water.or.kr/kor/realtime/sumun/index.do?mode=sumun&menuId=13_91_93_94,"원자료 응답에 DAM_CD=1006110 행으로 반환(03_normalized/kwater_mywater_hydr_*_wide.csv.gz); 수집된 dataset: hydr-D,hydr-H; 변수 정의는 variable_dictionary.csv에서 REVIEW_REQUIRED",VERIFIED_BY_RAW_RESPONSE
횡성댐,강우량(관측소 단위: 시간우량/누적우량),MyWater ajaxProc getRain / getRainTrend (param1=A),STATION_CODE,damCd=1006110 + obsCd(OBS_CD) ; 관측소 3개(03_normalized/observation_station_list.csv),"OBS_CD ; 시계열 조회는 getRainTrend(damCd, obsCd, param1, rainJobGb, rainStartDate, rainEndDate)",https://www.water.or.kr/kor/realtime/sumun/index.do?mode=sumun&menuId=13_91_93_94,"이 댐은 getRainTrend를 호출하지 않음(사이트 JS의 파라미터 정의만 확인: mywater_sumun_page_2026-09-29.html) ; 관측소는 조회 파라미터 damCd 아래에 나열(각 OBS_CD는 정확히 1개 damCd 아래에만 등장, 94/94) — 공간·수문학적 관계로 확정 아님",KEY_PATTERN_FROM_SITE_JS (not probed)
횡성댐,수위·유량(관측소 단위),MyWater ajaxProc getRain / getRainTrend (param1=C),STATION_CODE,damCd=1006110 + obsCd(OBS_CD) ; 관측소 2개(03_normalized/observation_station_list.csv),"OBS_CD ; 시계열 조회는 getRainTrend(damCd, obsCd, param1, rainJobGb, rainStartDate, rainEndDate)",https://www.water.or.kr/kor/realtime/sumun/index.do?mode=sumun&menuId=13_91_93_94,"이 댐은 getRainTrend를 호출하지 않음(사이트 JS의 파라미터 정의만 확인: mywater_sumun_page_2026-09-29.html) ; 관측소는 조회 파라미터 damCd 아래에 나열(각 OBS_CD는 정확히 1개 damCd 아래에만 등장, 94/94) — 공간·수문학적 관계로 확정 아님",KEY_PATTERN_FROM_SITE_JS (not probed)
강천보,저수위(수위),"MyWater ajaxProc getHydr (damCd=DAM_CD, param1=H|D)",DAM_CODE,1007601,"DATA1 (응답 DATAn) ; SDATE=시각 라벨; 요청 파라미터 damCd, param1(해상도), startDate, endDate",https://www.water.or.kr/kor/realtime/sumun/index.do?mode=sumun&menuId=13_91_93_94,"원자료 응답에 DAM_CD=1007601 행으로 반환(03_normalized/kwater_mywater_hydr_*_wide.csv.gz); 수집된 dataset: hydr-D,hydr-H; 변수 정의는 variable_dictionary.csv에서 REVIEW_REQUIRED",VERIFIED_BY_RAW_RESPONSE
강천보,저수량,"MyWater ajaxProc getHydr (damCd=DAM_CD, param1=H|D)",DAM_CODE,1007601,"DATA2 (응답 DATAn) ; SDATE=시각 라벨; 요청 파라미터 damCd, param1(해상도), startDate, endDate",https://www.water.or.kr/kor/realtime/sumun/index.do?mode=sumun&menuId=13_91_93_94,"원자료 응답에 DAM_CD=1007601 행으로 반환(03_normalized/kwater_mywater_hydr_*_wide.csv.gz); 수집된 dataset: hydr-D,hydr-H; 변수 정의는 variable_dictionary.csv에서 REVIEW_REQUIRED",VERIFIED_BY_RAW_RESPONSE
강천보,강우량(댐 단위 항목),"MyWater ajaxProc getHydr (damCd=DAM_CD, param1=H|D)",DAM_CODE,1007601,"DATA3 (응답 DATAn) ; SDATE=시각 라벨; 요청 파라미터 damCd, param1(해상도), startDate, endDate",https://www.water.or.kr/kor/realtime/sumun/index.do?mode=sumun&menuId=13_91_93_94,"원자료 응답에 DAM_CD=1007601 행으로 반환(03_normalized/kwater_mywater_hydr_*_wide.csv.gz); 수집된 dataset: hydr-D,hydr-H; 변수 정의는 variable_dictionary.csv에서 REVIEW_REQUIRED",VERIFIED_BY_RAW_RESPONSE
강천보,유입량,"MyWater ajaxProc getHydr (damCd=DAM_CD, param1=H|D)",DAM_CODE,1007601,"DATA4 (응답 DATAn) ; SDATE=시각 라벨; 요청 파라미터 damCd, param1(해상도), startDate, endDate",https://www.water.or.kr/kor/realtime/sumun/index.do?mode=sumun&menuId=13_91_93_94,"원자료 응답에 DAM_CD=1007601 행으로 반환(03_normalized/kwater_mywater_hydr_*_wide.csv.gz); 수집된 dataset: hydr-D,hydr-H; 변수 정의는 variable_dictionary.csv에서 REVIEW_REQUIRED",VERIFIED_BY_RAW_RESPONSE
강천보,총방류량,"MyWater ajaxProc getHydr (damCd=DAM_CD, param1=H|D)",DAM_CODE,1007601,"DATA6 (응답 DATAn) ; SDATE=시각 라벨; 요청 파라미터 damCd, param1(해상도), startDate, endDate",https://www.water.or.kr/kor/realtime/sumun/index.do?mode=sumun&menuId=13_91_93_94,"원자료 응답에 DAM_CD=1007601 행으로 반환(03_normalized/kwater_mywater_hydr_*_wide.csv.gz); 수집된 dataset: hydr-D,hydr-H; 변수 정의는 variable_dictionary.csv에서 REVIEW_REQUIRED",VERIFIED_BY_RAW_RESPONSE
강천보,저수율,"MyWater ajaxProc getHydr (damCd=DAM_CD, param1=H|D)",DAM_CODE,1007601,"DATA7 (응답 DATAn) ; SDATE=시각 라벨; 요청 파라미터 damCd, param1(해상도), startDate, endDate",https://www.water.or.kr/kor/realtime/sumun/index.do?mode=sumun&menuId=13_91_93_94,"원자료 응답에 DAM_CD=1007601 행으로 반환(03_normalized/kwater_mywater_hydr_*_wide.csv.gz); 수집된 dataset: hydr-D,hydr-H; 변수 정의는 variable_dictionary.csv에서 REVIEW_REQUIRED",VERIFIED_BY_RAW_RESPONSE
여주보,저수위(수위),"MyWater ajaxProc getHydr (damCd=DAM_CD, param1=H|D)",DAM_CODE,1007602,"DATA1 (응답 DATAn) ; SDATE=시각 라벨; 요청 파라미터 damCd, param1(해상도), startDate, endDate",https://www.water.or.kr/kor/realtime/sumun/index.do?mode=sumun&menuId=13_91_93_94,"원자료 응답에 DAM_CD=1007602 행으로 반환(03_normalized/kwater_mywater_hydr_*_wide.csv.gz); 수집된 dataset: hydr-D,hydr-H; 변수 정의는 variable_dictionary.csv에서 REVIEW_REQUIRED",VERIFIED_BY_RAW_RESPONSE
여주보,저수량,"MyWater ajaxProc getHydr (damCd=DAM_CD, param1=H|D)",DAM_CODE,1007602,"DATA2 (응답 DATAn) ; SDATE=시각 라벨; 요청 파라미터 damCd, param1(해상도), startDate, endDate",https://www.water.or.kr/kor/realtime/sumun/index.do?mode=sumun&menuId=13_91_93_94,"원자료 응답에 DAM_CD=1007602 행으로 반환(03_normalized/kwater_mywater_hydr_*_wide.csv.gz); 수집된 dataset: hydr-D,hydr-H; 변수 정의는 variable_dictionary.csv에서 REVIEW_REQUIRED",VERIFIED_BY_RAW_RESPONSE
여주보,강우량(댐 단위 항목),"MyWater ajaxProc getHydr (damCd=DAM_CD, param1=H|D)",DAM_CODE,1007602,"DATA3 (응답 DATAn) ; SDATE=시각 라벨; 요청 파라미터 damCd, param1(해상도), startDate, endDate",https://www.water.or.kr/kor/realtime/sumun/index.do?mode=sumun&menuId=13_91_93_94,"원자료 응답에 DAM_CD=1007602 행으로 반환(03_normalized/kwater_mywater_hydr_*_wide.csv.gz); 수집된 dataset: hydr-D,hydr-H; 변수 정의는 variable_dictionary.csv에서 REVIEW_REQUIRED",VERIFIED_BY_RAW_RESPONSE
여주보,유입량,"MyWater ajaxProc getHydr (damCd=DAM_CD, param1=H|D)",DAM_CODE,1007602,"DATA4 (응답 DATAn) ; SDATE=시각 라벨; 요청 파라미터 damCd, param1(해상도), startDate, endDate",https://www.water.or.kr/kor/realtime/sumun/index.do?mode=sumun&menuId=13_91_93_94,"원자료 응답에 DAM_CD=1007602 행으로 반환(03_normalized/kwater_mywater_hydr_*_wide.csv.gz); 수집된 dataset: hydr-D,hydr-H; 변수 정의는 variable_dictionary.csv에서 REVIEW_REQUIRED",VERIFIED_BY_RAW_RESPONSE
여주보,총방류량,"MyWater ajaxProc getHydr (damCd=DAM_CD, param1=H|D)",DAM_CODE,1007602,"DATA6 (응답 DATAn) ; SDATE=시각 라벨; 요청 파라미터 damCd, param1(해상도), startDate, endDate",https://www.water.or.kr/kor/realtime/sumun/index.do?mode=sumun&menuId=13_91_93_94,"원자료 응답에 DAM_CD=1007602 행으로 반환(03_normalized/kwater_mywater_hydr_*_wide.csv.gz); 수집된 dataset: hydr-D,hydr-H; 변수 정의는 variable_dictionary.csv에서 REVIEW_REQUIRED",VERIFIED_BY_RAW_RESPONSE
여주보,저수율,"MyWater ajaxProc getHydr (damCd=DAM_CD, param1=H|D)",DAM_CODE,1007602,"DATA7 (응답 DATAn) ; SDATE=시각 라벨; 요청 파라미터 damCd, param1(해상도), startDate, endDate",https://www.water.or.kr/kor/realtime/sumun/index.do?mode=sumun&menuId=13_91_93_94,"원자료 응답에 DAM_CD=1007602 행으로 반환(03_normalized/kwater_mywater_hydr_*_wide.csv.gz); 수집된 dataset: hydr-D,hydr-H; 변수 정의는 variable_dictionary.csv에서 REVIEW_REQUIRED",VERIFIED_BY_RAW_RESPONSE
이포보,저수위(수위),"MyWater ajaxProc getHydr (damCd=DAM_CD, param1=H|D)",DAM_CODE,1007603,"DATA1 (응답 DATAn) ; SDATE=시각 라벨; 요청 파라미터 damCd, param1(해상도), startDate, endDate",https://www.water.or.kr/kor/realtime/sumun/index.do?mode=sumun&menuId=13_91_93_94,"원자료 응답에 DAM_CD=1007603 행으로 반환(03_normalized/kwater_mywater_hydr_*_wide.csv.gz); 수집된 dataset: hydr-D,hydr-H; 변수 정의는 variable_dictionary.csv에서 REVIEW_REQUIRED",VERIFIED_BY_RAW_RESPONSE
이포보,저수량,"MyWater ajaxProc getHydr (damCd=DAM_CD, param1=H|D)",DAM_CODE,1007603,"DATA2 (응답 DATAn) ; SDATE=시각 라벨; 요청 파라미터 damCd, param1(해상도), startDate, endDate",https://www.water.or.kr/kor/realtime/sumun/index.do?mode=sumun&menuId=13_91_93_94,"원자료 응답에 DAM_CD=1007603 행으로 반환(03_normalized/kwater_mywater_hydr_*_wide.csv.gz); 수집된 dataset: hydr-D,hydr-H; 변수 정의는 variable_dictionary.csv에서 REVIEW_REQUIRED",VERIFIED_BY_RAW_RESPONSE
이포보,강우량(댐 단위 항목),"MyWater ajaxProc getHydr (damCd=DAM_CD, param1=H|D)",DAM_CODE,1007603,"DATA3 (응답 DATAn) ; SDATE=시각 라벨; 요청 파라미터 damCd, param1(해상도), startDate, endDate",https://www.water.or.kr/kor/realtime/sumun/index.do?mode=sumun&menuId=13_91_93_94,"원자료 응답에 DAM_CD=1007603 행으로 반환(03_normalized/kwater_mywater_hydr_*_wide.csv.gz); 수집된 dataset: hydr-D,hydr-H; 변수 정의는 variable_dictionary.csv에서 REVIEW_REQUIRED",VERIFIED_BY_RAW_RESPONSE
이포보,유입량,"MyWater ajaxProc getHydr (damCd=DAM_CD, param1=H|D)",DAM_CODE,1007603,"DATA4 (응답 DATAn) ; SDATE=시각 라벨; 요청 파라미터 damCd, param1(해상도), startDate, endDate",https://www.water.or.kr/kor/realtime/sumun/index.do?mode=sumun&menuId=13_91_93_94,"원자료 응답에 DAM_CD=1007603 행으로 반환(03_normalized/kwater_mywater_hydr_*_wide.csv.gz); 수집된 dataset: hydr-D,hydr-H; 변수 정의는 variable_dictionary.csv에서 REVIEW_REQUIRED",VERIFIED_BY_RAW_RESPONSE
이포보,총방류량,"MyWater ajaxProc getHydr (damCd=DAM_CD, param1=H|D)",DAM_CODE,1007603,"DATA6 (응답 DATAn) ; SDATE=시각 라벨; 요청 파라미터 damCd, param1(해상도), startDate, endDate",https://www.water.or.kr/kor/realtime/sumun/index.do?mode=sumun&menuId=13_91_93_94,"원자료 응답에 DAM_CD=1007603 행으로 반환(03_normalized/kwater_mywater_hydr_*_wide.csv.gz); 수집된 dataset: hydr-D,hydr-H; 변수 정의는 variable_dictionary.csv에서 REVIEW_REQUIRED",VERIFIED_BY_RAW_RESPONSE
이포보,저수율,"MyWater ajaxProc getHydr (damCd=DAM_CD, param1=H|D)",DAM_CODE,1007603,"DATA7 (응답 DATAn) ; SDATE=시각 라벨; 요청 파라미터 damCd, param1(해상도), startDate, endDate",https://www.water.or.kr/kor/realtime/sumun/index.do?mode=sumun&menuId=13_91_93_94,"원자료 응답에 DAM_CD=1007603 행으로 반환(03_normalized/kwater_mywater_hydr_*_wide.csv.gz); 수집된 dataset: hydr-D,hydr-H; 변수 정의는 variable_dictionary.csv에서 REVIEW_REQUIRED",VERIFIED_BY_RAW_RESPONSE
평화의댐,저수위(수위),"MyWater ajaxProc getHydr (damCd=DAM_CD, param1=H|D)",DAM_CODE,1009710,"DATA1 (응답 DATAn) ; SDATE=시각 라벨; 요청 파라미터 damCd, param1(해상도), startDate, endDate",https://www.water.or.kr/kor/realtime/sumun/index.do?mode=sumun&menuId=13_91_93_94,"원자료 응답에 DAM_CD=1009710 행으로 반환(03_normalized/kwater_mywater_hydr_*_wide.csv.gz); 수집된 dataset: hydr-D,hydr-H; 변수 정의는 variable_dictionary.csv에서 REVIEW_REQUIRED",VERIFIED_BY_RAW_RESPONSE
평화의댐,저수량,"MyWater ajaxProc getHydr (damCd=DAM_CD, param1=H|D)",DAM_CODE,1009710,"DATA2 (응답 DATAn) ; SDATE=시각 라벨; 요청 파라미터 damCd, param1(해상도), startDate, endDate",https://www.water.or.kr/kor/realtime/sumun/index.do?mode=sumun&menuId=13_91_93_94,"원자료 응답에 DAM_CD=1009710 행으로 반환(03_normalized/kwater_mywater_hydr_*_wide.csv.gz); 수집된 dataset: hydr-D,hydr-H; 변수 정의는 variable_dictionary.csv에서 REVIEW_REQUIRED",VERIFIED_BY_RAW_RESPONSE
평화의댐,강우량(댐 단위 항목),"MyWater ajaxProc getHydr (damCd=DAM_CD, param1=H|D)",DAM_CODE,1009710,"DATA3 (응답 DATAn) ; SDATE=시각 라벨; 요청 파라미터 damCd, param1(해상도), startDate, endDate",https://www.water.or.kr/kor/realtime/sumun/index.do?mode=sumun&menuId=13_91_93_94,"원자료 응답에 DAM_CD=1009710 행으로 반환(03_normalized/kwater_mywater_hydr_*_wide.csv.gz); 수집된 dataset: hydr-D,hydr-H; 변수 정의는 variable_dictionary.csv에서 REVIEW_REQUIRED",VERIFIED_BY_RAW_RESPONSE
평화의댐,유입량,"MyWater ajaxProc getHydr (damCd=DAM_CD, param1=H|D)",DAM_CODE,1009710,"DATA4 (응답 DATAn) ; SDATE=시각 라벨; 요청 파라미터 damCd, param1(해상도), startDate, endDate",https://www.water.or.kr/kor/realtime/sumun/index.do?mode=sumun&menuId=13_91_93_94,"원자료 응답에 DAM_CD=1009710 행으로 반환(03_normalized/kwater_mywater_hydr_*_wide.csv.gz); 수집된 dataset: hydr-D,hydr-H; 변수 정의는 variable_dictionary.csv에서 REVIEW_REQUIRED",VERIFIED_BY_RAW_RESPONSE
평화의댐,총방류량,"MyWater ajaxProc getHydr (damCd=DAM_CD, param1=H|D)",DAM_CODE,1009710,"DATA6 (응답 DATAn) ; SDATE=시각 라벨; 요청 파라미터 damCd, param1(해상도), startDate, endDate",https://www.water.or.kr/kor/realtime/sumun/index.do?mode=sumun&menuId=13_91_93_94,"원자료 응답에 DAM_CD=1009710 행으로 반환(03_normalized/kwater_mywater_hydr_*_wide.csv.gz); 수집된 dataset: hydr-D,hydr-H; 변수 정의는 variable_dictionary.csv에서 REVIEW_REQUIRED",VERIFIED_BY_RAW_RESPONSE
평화의댐,저수율,"MyWater ajaxProc getHydr (damCd=DAM_CD, param1=H|D)",DAM_CODE,1009710,"DATA7 (응답 DATAn) ; SDATE=시각 라벨; 요청 파라미터 damCd, param1(해상도), startDate, endDate",https://www.water.or.kr/kor/realtime/sumun/index.do?mode=sumun&menuId=13_91_93_94,"원자료 응답에 DAM_CD=1009710 행으로 반환(03_normalized/kwater_mywater_hydr_*_wide.csv.gz); 수집된 dataset: hydr-D,hydr-H; 변수 정의는 variable_dictionary.csv에서 REVIEW_REQUIRED",VERIFIED_BY_RAW_RESPONSE
평화의댐,강우량(관측소 단위: 시간우량/누적우량),MyWater ajaxProc getRain / getRainTrend (param1=A),STATION_CODE,damCd=1009710 + obsCd(OBS_CD) ; 관측소 2개(03_normalized/observation_station_list.csv),"OBS_CD ; 시계열 조회는 getRainTrend(damCd, obsCd, param1, rainJobGb, rainStartDate, rainEndDate)",https://www.water.or.kr/kor/realtime/sumun/index.do?mode=sumun&menuId=13_91_93_94,"이 댐은 getRainTrend를 호출하지 않음(사이트 JS의 파라미터 정의만 확인: mywater_sumun_page_2026-09-29.html) ; 관측소는 조회 파라미터 damCd 아래에 나열(각 OBS_CD는 정확히 1개 damCd 아래에만 등장, 94/94) — 공간·수문학적 관계로 확정 아님",KEY_PATTERN_FROM_SITE_JS (not probed)
소양강댐,저수위(수위),"MyWater ajaxProc getHydr (damCd=DAM_CD, param1=H|D)",DAM_CODE,1012110,"DATA1 (응답 DATAn) ; SDATE=시각 라벨; 요청 파라미터 damCd, param1(해상도), startDate, endDate",https://www.water.or.kr/kor/realtime/sumun/index.do?mode=sumun&menuId=13_91_93_94,"원자료 응답에 DAM_CD=1012110 행으로 반환(03_normalized/kwater_mywater_hydr_*_wide.csv.gz); 수집된 dataset: hydr-D,hydr-H; 변수 정의는 variable_dictionary.csv에서 REVIEW_REQUIRED",VERIFIED_BY_RAW_RESPONSE
소양강댐,저수량,"MyWater ajaxProc getHydr (damCd=DAM_CD, param1=H|D)",DAM_CODE,1012110,"DATA2 (응답 DATAn) ; SDATE=시각 라벨; 요청 파라미터 damCd, param1(해상도), startDate, endDate",https://www.water.or.kr/kor/realtime/sumun/index.do?mode=sumun&menuId=13_91_93_94,"원자료 응답에 DAM_CD=1012110 행으로 반환(03_normalized/kwater_mywater_hydr_*_wide.csv.gz); 수집된 dataset: hydr-D,hydr-H; 변수 정의는 variable_dictionary.csv에서 REVIEW_REQUIRED",VERIFIED_BY_RAW_RESPONSE
소양강댐,강우량(댐 단위 항목),"MyWater ajaxProc getHydr (damCd=DAM_CD, param1=H|D)",DAM_CODE,1012110,"DATA3 (응답 DATAn) ; SDATE=시각 라벨; 요청 파라미터 damCd, param1(해상도), startDate, endDate",https://www.water.or.kr/kor/realtime/sumun/index.do?mode=sumun&menuId=13_91_93_94,"원자료 응답에 DAM_CD=1012110 행으로 반환(03_normalized/kwater_mywater_hydr_*_wide.csv.gz); 수집된 dataset: hydr-D,hydr-H; 변수 정의는 variable_dictionary.csv에서 REVIEW_REQUIRED",VERIFIED_BY_RAW_RESPONSE
소양강댐,유입량,"MyWater ajaxProc getHydr (damCd=DAM_CD, param1=H|D)",DAM_CODE,1012110,"DATA4 (응답 DATAn) ; SDATE=시각 라벨; 요청 파라미터 damCd, param1(해상도), startDate, endDate",https://www.water.or.kr/kor/realtime/sumun/index.do?mode=sumun&menuId=13_91_93_94,"원자료 응답에 DAM_CD=1012110 행으로 반환(03_normalized/kwater_mywater_hydr_*_wide.csv.gz); 수집된 dataset: hydr-D,hydr-H; 변수 정의는 variable_dictionary.csv에서 REVIEW_REQUIRED",VERIFIED_BY_RAW_RESPONSE
소양강댐,총방류량,"MyWater ajaxProc getHydr (damCd=DAM_CD, param1=H|D)",DAM_CODE,1012110,"DATA6 (응답 DATAn) ; SDATE=시각 라벨; 요청 파라미터 damCd, param1(해상도), startDate, endDate",https://www.water.or.kr/kor/realtime/sumun/index.do?mode=sumun&menuId=13_91_93_94,"원자료 응답에 DAM_CD=1012110 행으로 반환(03_normalized/kwater_mywater_hydr_*_wide.csv.gz); 수집된 dataset: hydr-D,hydr-H; 변수 정의는 variable_dictionary.csv에서 REVIEW_REQUIRED",VERIFIED_BY_RAW_RESPONSE
소양강댐,저수율,"MyWater ajaxProc getHydr (damCd=DAM_CD, param1=H|D)",DAM_CODE,1012110,"DATA7 (응답 DATAn) ; SDATE=시각 라벨; 요청 파라미터 damCd, param1(해상도), startDate, endDate",https://www.water.or.kr/kor/realtime/sumun/index.do?mode=sumun&menuId=13_91_93_94,"원자료 응답에 DAM_CD=1012110 행으로 반환(03_normalized/kwater_mywater_hydr_*_wide.csv.gz); 수집된 dataset: hydr-D,hydr-H; 변수 정의는 variable_dictionary.csv에서 REVIEW_REQUIRED",VERIFIED_BY_RAW_RESPONSE
소양강댐,강우량(관측소 단위: 시간우량/누적우량),MyWater ajaxProc getRain / getRainTrend (param1=A),STATION_CODE,damCd=1012110 + obsCd(OBS_CD) ; 관측소 13개(03_normalized/observation_station_list.csv),"OBS_CD ; 시계열 조회는 getRainTrend(damCd, obsCd, param1, rainJobGb, rainStartDate, rainEndDate)",https://www.water.or.kr/kor/realtime/sumun/index.do?mode=sumun&menuId=13_91_93_94,"이 댐은 getRainTrend를 호출하지 않음(사이트 JS의 파라미터 정의만 확인: mywater_sumun_page_2026-09-29.html) ; 관측소는 조회 파라미터 damCd 아래에 나열(각 OBS_CD는 정확히 1개 damCd 아래에만 등장, 94/94) — 공간·수문학적 관계로 확정 아님",KEY_PATTERN_FROM_SITE_JS (not probed)
소양강댐,수위·유량(관측소 단위),MyWater ajaxProc getRain / getRainTrend (param1=C),STATION_CODE,damCd=1012110 + obsCd(OBS_CD) ; 관측소 10개(03_normalized/observation_station_list.csv),"OBS_CD ; 시계열 조회는 getRainTrend(damCd, obsCd, param1, rainJobGb, rainStartDate, rainEndDate)",https://www.water.or.kr/kor/realtime/sumun/index.do?mode=sumun&menuId=13_91_93_94,"이 댐은 getRainTrend를 호출하지 않음(사이트 JS의 파라미터 정의만 확인: mywater_sumun_page_2026-09-29.html) ; 관측소는 조회 파라미터 damCd 아래에 나열(각 OBS_CD는 정확히 1개 damCd 아래에만 등장, 94/94) — 공간·수문학적 관계로 확정 아님",KEY_PATTERN_FROM_SITE_JS (not probed)
군남댐,저수위(수위),"MyWater ajaxProc getHydr (damCd=DAM_CD, param1=H|D)",DAM_CODE,1021701,"DATA1 (응답 DATAn) ; SDATE=시각 라벨; 요청 파라미터 damCd, param1(해상도), startDate, endDate",https://www.water.or.kr/kor/realtime/sumun/index.do?mode=sumun&menuId=13_91_93_94,"원자료 응답에 DAM_CD=1021701 행으로 반환(03_normalized/kwater_mywater_hydr_*_wide.csv.gz); 수집된 dataset: hydr-D,hydr-H; 변수 정의는 variable_dictionary.csv에서 REVIEW_REQUIRED",VERIFIED_BY_RAW_RESPONSE
군남댐,저수량,"MyWater ajaxProc getHydr (damCd=DAM_CD, param1=H|D)",DAM_CODE,1021701,"DATA2 (응답 DATAn) ; SDATE=시각 라벨; 요청 파라미터 damCd, param1(해상도), startDate, endDate",https://www.water.or.kr/kor/realtime/sumun/index.do?mode=sumun&menuId=13_91_93_94,"원자료 응답에 DAM_CD=1021701 행으로 반환(03_normalized/kwater_mywater_hydr_*_wide.csv.gz); 수집된 dataset: hydr-D,hydr-H; 변수 정의는 variable_dictionary.csv에서 REVIEW_REQUIRED",VERIFIED_BY_RAW_RESPONSE
군남댐,강우량(댐 단위 항목),"MyWater ajaxProc getHydr (damCd=DAM_CD, param1=H|D)",DAM_CODE,1021701,"DATA3 (응답 DATAn) ; SDATE=시각 라벨; 요청 파라미터 damCd, param1(해상도), startDate, endDate",https://www.water.or.kr/kor/realtime/sumun/index.do?mode=sumun&menuId=13_91_93_94,"원자료 응답에 DAM_CD=1021701 행으로 반환(03_normalized/kwater_mywater_hydr_*_wide.csv.gz); 수집된 dataset: hydr-D,hydr-H; 변수 정의는 variable_dictionary.csv에서 REVIEW_REQUIRED",VERIFIED_BY_RAW_RESPONSE
군남댐,유입량,"MyWater ajaxProc getHydr (damCd=DAM_CD, param1=H|D)",DAM_CODE,1021701,"DATA4 (응답 DATAn) ; SDATE=시각 라벨; 요청 파라미터 damCd, param1(해상도), startDate, endDate",https://www.water.or.kr/kor/realtime/sumun/index.do?mode=sumun&menuId=13_91_93_94,"원자료 응답에 DAM_CD=1021701 행으로 반환(03_normalized/kwater_mywater_hydr_*_wide.csv.gz); 수집된 dataset: hydr-D,hydr-H; 변수 정의는 variable_dictionary.csv에서 REVIEW_REQUIRED",VERIFIED_BY_RAW_RESPONSE
군남댐,총방류량,"MyWater ajaxProc getHydr (damCd=DAM_CD, param1=H|D)",DAM_CODE,1021701,"DATA6 (응답 DATAn) ; SDATE=시각 라벨; 요청 파라미터 damCd, param1(해상도), startDate, endDate",https://www.water.or.kr/kor/realtime/sumun/index.do?mode=sumun&menuId=13_91_93_94,"원자료 응답에 DAM_CD=1021701 행으로 반환(03_normalized/kwater_mywater_hydr_*_wide.csv.gz); 수집된 dataset: hydr-D,hydr-H; 변수 정의는 variable_dictionary.csv에서 REVIEW_REQUIRED",VERIFIED_BY_RAW_RESPONSE
군남댐,저수율,"MyWater ajaxProc getHydr (damCd=DAM_CD, param1=H|D)",DAM_CODE,1021701,"DATA7 (응답 DATAn) ; SDATE=시각 라벨; 요청 파라미터 damCd, param1(해상도), startDate, endDate",https://www.water.or.kr/kor/realtime/sumun/index.do?mode=sumun&menuId=13_91_93_94,"원자료 응답에 DAM_CD=1021701 행으로 반환(03_normalized/kwater_mywater_hydr_*_wide.csv.gz); 수집된 dataset: hydr-D,hydr-H; 변수 정의는 variable_dictionary.csv에서 REVIEW_REQUIRED",VERIFIED_BY_RAW_RESPONSE
군남댐,강우량(관측소 단위: 시간우량/누적우량),MyWater ajaxProc getRain / getRainTrend (param1=A),STATION_CODE,damCd=1021701 + obsCd(OBS_CD) ; 관측소 3개(03_normalized/observation_station_list.csv),"OBS_CD ; 시계열 조회는 getRainTrend(damCd, obsCd, param1, rainJobGb, rainStartDate, rainEndDate)",https://www.water.or.kr/kor/realtime/sumun/index.do?mode=sumun&menuId=13_91_93_94,"이 댐은 getRainTrend를 호출하지 않음(사이트 JS의 파라미터 정의만 확인: mywater_sumun_page_2026-09-29.html) ; 관측소는 조회 파라미터 damCd 아래에 나열(각 OBS_CD는 정확히 1개 damCd 아래에만 등장, 94/94) — 공간·수문학적 관계로 확정 아님",KEY_PATTERN_FROM_SITE_JS (not probed)
한탄강댐,저수위(수위),"MyWater ajaxProc getHydr (damCd=DAM_CD, param1=H|D)",DAM_CODE,1022701,"DATA1 (응답 DATAn) ; SDATE=시각 라벨; 요청 파라미터 damCd, param1(해상도), startDate, endDate",https://www.water.or.kr/kor/realtime/sumun/index.do?mode=sumun&menuId=13_91_93_94,"원자료 응답에 DAM_CD=1022701 행으로 반환(03_normalized/kwater_mywater_hydr_*_wide.csv.gz); 수집된 dataset: hydr-D,hydr-H; 변수 정의는 variable_dictionary.csv에서 REVIEW_REQUIRED",VERIFIED_BY_RAW_RESPONSE
한탄강댐,저수량,"MyWater ajaxProc getHydr (damCd=DAM_CD, param1=H|D)",DAM_CODE,1022701,"DATA2 (응답 DATAn) ; SDATE=시각 라벨; 요청 파라미터 damCd, param1(해상도), startDate, endDate",https://www.water.or.kr/kor/realtime/sumun/index.do?mode=sumun&menuId=13_91_93_94,"원자료 응답에 DAM_CD=1022701 행으로 반환(03_normalized/kwater_mywater_hydr_*_wide.csv.gz); 수집된 dataset: hydr-D,hydr-H; 변수 정의는 variable_dictionary.csv에서 REVIEW_REQUIRED",VERIFIED_BY_RAW_RESPONSE
한탄강댐,강우량(댐 단위 항목),"MyWater ajaxProc getHydr (damCd=DAM_CD, param1=H|D)",DAM_CODE,1022701,"DATA3 (응답 DATAn) ; SDATE=시각 라벨; 요청 파라미터 damCd, param1(해상도), startDate, endDate",https://www.water.or.kr/kor/realtime/sumun/index.do?mode=sumun&menuId=13_91_93_94,"원자료 응답에 DAM_CD=1022701 행으로 반환(03_normalized/kwater_mywater_hydr_*_wide.csv.gz); 수집된 dataset: hydr-D,hydr-H; 변수 정의는 variable_dictionary.csv에서 REVIEW_REQUIRED",VERIFIED_BY_RAW_RESPONSE
한탄강댐,유입량,"MyWater ajaxProc getHydr (damCd=DAM_CD, param1=H|D)",DAM_CODE,1022701,"DATA4 (응답 DATAn) ; SDATE=시각 라벨; 요청 파라미터 damCd, param1(해상도), startDate, endDate",https://www.water.or.kr/kor/realtime/sumun/index.do?mode=sumun&menuId=13_91_93_94,"원자료 응답에 DAM_CD=1022701 행으로 반환(03_normalized/kwater_mywater_hydr_*_wide.csv.gz); 수집된 dataset: hydr-D,hydr-H; 변수 정의는 variable_dictionary.csv에서 REVIEW_REQUIRED",VERIFIED_BY_RAW_RESPONSE
한탄강댐,총방류량,"MyWater ajaxProc getHydr (damCd=DAM_CD, param1=H|D)",DAM_CODE,1022701,"DATA6 (응답 DATAn) ; SDATE=시각 라벨; 요청 파라미터 damCd, param1(해상도), startDate, endDate",https://www.water.or.kr/kor/realtime/sumun/index.do?mode=sumun&menuId=13_91_93_94,"원자료 응답에 DAM_CD=1022701 행으로 반환(03_normalized/kwater_mywater_hydr_*_wide.csv.gz); 수집된 dataset: hydr-D,hydr-H; 변수 정의는 variable_dictionary.csv에서 REVIEW_REQUIRED",VERIFIED_BY_RAW_RESPONSE
한탄강댐,저수율,"MyWater ajaxProc getHydr (damCd=DAM_CD, param1=H|D)",DAM_CODE,1022701,"DATA7 (응답 DATAn) ; SDATE=시각 라벨; 요청 파라미터 damCd, param1(해상도), startDate, endDate",https://www.water.or.kr/kor/realtime/sumun/index.do?mode=sumun&menuId=13_91_93_94,"원자료 응답에 DAM_CD=1022701 행으로 반환(03_normalized/kwater_mywater_hydr_*_wide.csv.gz); 수집된 dataset: hydr-D,hydr-H; 변수 정의는 variable_dictionary.csv에서 REVIEW_REQUIRED",VERIFIED_BY_RAW_RESPONSE
한탄강댐,강우량(관측소 단위: 시간우량/누적우량),MyWater ajaxProc getRain / getRainTrend (param1=A),STATION_CODE,damCd=1022701 + obsCd(OBS_CD) ; 관측소 6개(03_normalized/observation_station_list.csv),"OBS_CD ; 시계열 조회는 getRainTrend(damCd, obsCd, param1, rainJobGb, rainStartDate, rainEndDate)",https://www.water.or.kr/kor/realtime/sumun/index.do?mode=sumun&menuId=13_91_93_94,"이 댐은 getRainTrend를 호출하지 않음(사이트 JS의 파라미터 정의만 확인: mywater_sumun_page_2026-09-29.html) ; 관측소는 조회 파라미터 damCd 아래에 나열(각 OBS_CD는 정확히 1개 damCd 아래에만 등장, 94/94) — 공간·수문학적 관계로 확정 아님",KEY_PATTERN_FROM_SITE_JS (not probed)
(K-water 서비스 대상 61개소 전반; 한강 K-water 시설 포함 여부는 댐코드 목록으로 확인),저수위(댐수위),K-water 수문 운영 정보 OpenAPI (data.go.kr 15099110; B500001/dam/sluicePresentCondition/hourlist·mntlist·delist),DAM_CODE,"damcode (7자리; 서비스 요청 변수, 필수) + stdt/eddt",lowlevel,https://www.data.go.kr/data/15099110/openapi.do,"공식 기술문서 v1.5.1(01_raw/DataGoKr/tech_docs/15099110_*.docx) 요청변수 표: damcode ""수문제원현황 서비스의 댐코드조회 기능 참조""; 응답 항목 lowlevel ; 인증키 필요로 실제 응답은 미수집",OFFICIAL_DOC_ONLY (no key; not called)
(K-water 서비스 대상 61개소 전반; 한강 K-water 시설 포함 여부는 댐코드 목록으로 확인),강우량,K-water 수문 운영 정보 OpenAPI (data.go.kr 15099110; B500001/dam/sluicePresentCondition/hourlist·mntlist·delist),DAM_CODE,"damcode (7자리; 서비스 요청 변수, 필수) + stdt/eddt",rf,https://www.data.go.kr/data/15099110/openapi.do,"공식 기술문서 v1.5.1(01_raw/DataGoKr/tech_docs/15099110_*.docx) 요청변수 표: damcode ""수문제원현황 서비스의 댐코드조회 기능 참조""; 응답 항목 rf ; 인증키 필요로 실제 응답은 미수집",OFFICIAL_DOC_ONLY (no key; not called)
(K-water 서비스 대상 61개소 전반; 한강 K-water 시설 포함 여부는 댐코드 목록으로 확인),유입량,K-water 수문 운영 정보 OpenAPI (data.go.kr 15099110; B500001/dam/sluicePresentCondition/hourlist·mntlist·delist),DAM_CODE,"damcode (7자리; 서비스 요청 변수, 필수) + stdt/eddt",inflowqy,https://www.data.go.kr/data/15099110/openapi.do,"공식 기술문서 v1.5.1(01_raw/DataGoKr/tech_docs/15099110_*.docx) 요청변수 표: damcode ""수문제원현황 서비스의 댐코드조회 기능 참조""; 응답 항목 inflowqy ; 인증키 필요로 실제 응답은 미수집",OFFICIAL_DOC_ONLY (no key; not called)
(K-water 서비스 대상 61개소 전반; 한강 K-water 시설 포함 여부는 댐코드 목록으로 확인),총방류량,K-water 수문 운영 정보 OpenAPI (data.go.kr 15099110; B500001/dam/sluicePresentCondition/hourlist·mntlist·delist),DAM_CODE,"damcode (7자리; 서비스 요청 변수, 필수) + stdt/eddt",totdcwtrqy,https://www.data.go.kr/data/15099110/openapi.do,"공식 기술문서 v1.5.1(01_raw/DataGoKr/tech_docs/15099110_*.docx) 요청변수 표: damcode ""수문제원현황 서비스의 댐코드조회 기능 참조""; 응답 항목 totdcwtrqy ; 인증키 필요로 실제 응답은 미수집",OFFICIAL_DOC_ONLY (no key; not called)
(K-water 서비스 대상 61개소 전반; 한강 K-water 시설 포함 여부는 댐코드 목록으로 확인),저수량,K-water 수문 운영 정보 OpenAPI (data.go.kr 15099110; B500001/dam/sluicePresentCondition/hourlist·mntlist·delist),DAM_CODE,"damcode (7자리; 서비스 요청 변수, 필수) + stdt/eddt",rsvwtqy,https://www.data.go.kr/data/15099110/openapi.do,"공식 기술문서 v1.5.1(01_raw/DataGoKr/tech_docs/15099110_*.docx) 요청변수 표: damcode ""수문제원현황 서비스의 댐코드조회 기능 참조""; 응답 항목 rsvwtqy ; 인증키 필요로 실제 응답은 미수집",OFFICIAL_DOC_ONLY (no key; not called)
(K-water 서비스 대상 61개소 전반; 한강 K-water 시설 포함 여부는 댐코드 목록으로 확인),저수율,K-water 수문 운영 정보 OpenAPI (data.go.kr 15099110; B500001/dam/sluicePresentCondition/hourlist·mntlist·delist),DAM_CODE,"damcode (7자리; 서비스 요청 변수, 필수) + stdt/eddt",rsvwtrt,https://www.data.go.kr/data/15099110/openapi.do,"공식 기술문서 v1.5.1(01_raw/DataGoKr/tech_docs/15099110_*.docx) 요청변수 표: damcode ""수문제원현황 서비스의 댐코드조회 기능 참조""; 응답 항목 rsvwtrt ; 인증키 필요로 실제 응답은 미수집",OFFICIAL_DOC_ONLY (no key; not called)
화천·춘천·의암·청평·팔당·괴산 등 KHNP 수력발전소(API 대상 9개 발전소),강우량,KHNP 수력 발전소 수문자료 현황 OpenAPI (data.go.kr 15157779),FACILITY_CODE,"genName(발전소 구분 코드: 3110 화천, 3120 춘천, 3140 의암, 3150 청평, 3160 팔당, 3170 괴산 …) 또는 ippt(발전소 코드) + dgenymd(측정일)",qart,https://www.data.go.kr/data/15157779/openapi.do,01_raw/DataGoKr/catalog_pages/15157779.html 설명(요청/응답 항목표). 유입량 항목은 목록에 없음(qyhr 유하량의 의미는 정의 없음). 인증키 필요로 미호출,OFFICIAL_DOC_ONLY (no key; not called)
화천·춘천·의암·청평·팔당·괴산 등 KHNP 수력발전소(API 대상 9개 발전소),방류량,KHNP 수력 발전소 수문자료 현황 OpenAPI (data.go.kr 15157779),FACILITY_CODE,"genName(발전소 구분 코드: 3110 화천, 3120 춘천, 3140 의암, 3150 청평, 3160 팔당, 3170 괴산 …) 또는 ippt(발전소 코드) + dgenymd(측정일)",qdag,https://www.data.go.kr/data/15157779/openapi.do,01_raw/DataGoKr/catalog_pages/15157779.html 설명(요청/응답 항목표). 유입량 항목은 목록에 없음(qyhr 유하량의 의미는 정의 없음). 인증키 필요로 미호출,OFFICIAL_DOC_ONLY (no key; not called)
화천·춘천·의암·청평·팔당·괴산 등 KHNP 수력발전소(API 대상 9개 발전소),저수위,KHNP 수력 발전소 수문자료 현황 OpenAPI (data.go.kr 15157779),FACILITY_CODE,"genName(발전소 구분 코드: 3110 화천, 3120 춘천, 3140 의암, 3150 청평, 3160 팔당, 3170 괴산 …) 또는 ippt(발전소 코드) + dgenymd(측정일)",ulwl,https://www.data.go.kr/data/15157779/openapi.do,01_raw/DataGoKr/catalog_pages/15157779.html 설명(요청/응답 항목표). 유입량 항목은 목록에 없음(qyhr 유하량의 의미는 정의 없음). 인증키 필요로 미호출,OFFICIAL_DOC_ONLY (no key; not called)
화천·춘천·의암·청평·팔당·괴산 등 KHNP 수력발전소(API 대상 9개 발전소),사용수량,KHNP 수력 발전소 수문자료 현황 OpenAPI (data.go.kr 15157779),FACILITY_CODE,"genName(발전소 구분 코드: 3110 화천, 3120 춘천, 3140 의암, 3150 청평, 3160 팔당, 3170 괴산 …) 또는 ippt(발전소 코드) + dgenymd(측정일)",quew,https://www.data.go.kr/data/15157779/openapi.do,01_raw/DataGoKr/catalog_pages/15157779.html 설명(요청/응답 항목표). 유입량 항목은 목록에 없음(qyhr 유하량의 의미는 정의 없음). 인증키 필요로 미호출,OFFICIAL_DOC_ONLY (no key; not called)
화천·춘천·의암·청평·팔당·괴산 등 KHNP 수력발전소(API 대상 9개 발전소),유하량,KHNP 수력 발전소 수문자료 현황 OpenAPI (data.go.kr 15157779),FACILITY_CODE,"genName(발전소 구분 코드: 3110 화천, 3120 춘천, 3140 의암, 3150 청평, 3160 팔당, 3170 괴산 …) 또는 ippt(발전소 코드) + dgenymd(측정일)",qyhr,https://www.data.go.kr/data/15157779/openapi.do,01_raw/DataGoKr/catalog_pages/15157779.html 설명(요청/응답 항목표). 유입량 항목은 목록에 없음(qyhr 유하량의 의미는 정의 없음). 인증키 필요로 미호출,OFFICIAL_DOC_ONLY (no key; not called)
KHNP 수력 댐(화천·춘천·의암·청평·팔당·괴산·도암 등),댐수위·유입량·방류량·강우량,KHNP 수력 실시간정보 웹페이지(수문자료 실시간/전일),UNKNOWN,(HTML 표 열 = 시설명; 코드 없음),(표 행/열),https://www.khnp.co.kr/main/realTimeMgr.do?key=205&category=water,"01_raw/KHNP/pages/khnp_realtime_water.html — 시설명으로만 식별, 이력 조회 기능 확인 안 됨. 페이지 고지: 보정 최종자료와 다를 수 있음",SNAPSHOT_ONLY
승인 파일 시설 16개(HRFCO 관측소코드 체계),댐수위·유입량·방류량 등(HRFCO 표준수문DB 댐자료),HRFCO 표준수문DB (data.go.kr 3040409; hrfco.go.kr / api.hrfco.go.kr) / WAMIS,UNKNOWN,(확인 못 함),(확인 못 함),https://www.data.go.kr/data/3040409/openapi.do,"카탈로그에는 ""댐자료: 댐 관측소 제원 및 실시간 댐 자료""만 서술. hrfco.go.kr·api.hrfco.go.kr·wamis.go.kr 접속 실패(02_metadata/gap_fetch_log.csv)로 요청 변수/조회 키 명세 미확인. 승인 파일의 관측소코드가 이 API의 조회 키인지 확인 불가",NOT_FOUND (source not accessible)
