operation,type,result,before,after_max,after_min
OPR:279:1,방류종료,일치,21.053,10.64,10.543
OPR:394:1,증가방류,일치,,,
OPR:418:1,방류,판정불가(방향 없음),,,
OPR:473:1,방류,판정불가(방향 없음),,,
OPR:504:1,방류,판정불가(방향 없음),757.898,1497.708,982.772
OPR:574:1,방류,판정불가(방향 없음),728.535,1497.849,1043.748
OPR:597:1,증가방류,일치,,,
OPR:612:1,방류,판정불가(방향 없음),,,
OPR:626:1,증가방류,일치,,,
OPR:813:1,방류,판정불가(방향 없음),,,
OPR:814:1,방류,판정불가(방향 없음),,,
OPR:842:1,증가방류,변화미검출,,,
OPR:842:2,탄력적 방류,변화미검출,,,
OPR:1102:1,방류,변화미검출,,,
OPR:1103:1,점진·점증방류,일치,,,
OPR:1114:1,증가방류,일치,,,
OPR:1368:1,탄력적 방류,판정불가(방향 없음),,,
OPR:1445:1,탄력적 방류,판정불가(방향 없음),,,
OPR:1446:1,탄력적 방류,판정불가(방향 없음),,,
OPR:1580:1,탄력적 방류,판정불가(방향 없음),,,
OPR:1669:1,방류,판정불가(방향 없음),,,
OPR:1670:1,방류,판정불가(방향 없음),,,
OPR:1992:1,방류,판정불가(방향 없음),,,
OPR:2218:1,방류,판정불가(방향 없음),,,
OPR:2219:1,방류,판정불가(방향 없음),,,
OPR:2327:1,초기방류,일치,,,
OPR:2344:1,초기방류,일치,,,
OPR:2350:1,탄력적 방류,변화미검출,,,
OPR:2368:1,초기방류,일치,,,
OPR:2428:1,초기방류,일치,,,
OPR:2516:1,초기방류,일치,,,
OPR:2657:1,초기방류,일치,,,
OPR:2713:1,탄력적 방류,판정불가(방향 없음),,,
OPR:2714:1,탄력적 방류,판정불가(방향 없음),,,
OPR:2754:1,초기방류,일치,,,
OPR:2754:2,탄력적 방류,판정불가(방향 없음),,,
OPR:2755:1,초기방류,일치,,,
OPR:2755:2,탄력적 방류,판정불가(방향 없음),,,
OPR:2866:1,증가방류,일치,,,
OPR:2866:2,탄력적 방류,판정불가(방향 없음),,,
OPR:2990:1,탄력적 방류,판정불가(방향 없음),,,
OPR:2994:1,탄력적 방류,판정불가(방향 없음),,,
OPR:3052:1,탄력적 방류,판정불가(방향 없음),,,
OPR:3091:1,방류,판정불가(방향 없음),,,
OPR:3178:1,탄력적 방류,판정불가(방향 없음),,,
OPR:3196:1,탄력적 방류,판정불가(방향 없음),,,
OPR:3227:1,초기방류,변화미검출,,,
OPR:3227:2,탄력적 방류,변화미검출,,,
OPR:3228:1,방류,판정불가(방향 없음),,,
OPR:3262:1,방류,판정불가(방향 없음),,,
OPR:3270:1,방류,판정불가(방향 없음),,,
OPR:3271:1,탄력적 방류,변화미검출,,,
OPR:3293:1,탄력적 방류,판정불가(방향 없음),,,
OPR:3299:1,탄력적 방류,판정불가(방향 없음),,,
OPR:3349:1,탄력적 방류,판정불가(방향 없음),,,
OPR:3365:1,탄력적 방류,판정불가(방향 없음),,,
OPR:3412:1,방류,변화미검출,,,
OPR:3451:1,증가방류,일치,,,
OPR:3475:1,탄력적 방류,판정불가(방향 없음),,,
OPR:3503:1,방류,판정불가(방향 없음),,,
OPR:3732:1,방류,판정불가(방향 없음),,,
OPR:3733:1,방류,변화미검출,,,
OPR:3742:1,탄력적 방류,판정불가(방향 없음),,,
OPR:3758:1,탄력적 방류,판정불가(방향 없음),,,
OPR:3770:1,방류,판정불가(방향 없음),,,
OPR:3771:1,방류,변화미검출,,,
OPR:3862:1,방류,변화미검출,,,
OPR:3899:1,방류,판정불가(방향 없음),,,
