순차번호,댐,승인일,방류시작시간,접수방류량,비고_원문,operation_created,operationType,rule,operationTime,time_source,amount_raw,has_change_text,not_created_reason,review_needed
279,횡성,2010-09-10,2010-09-10 17:00,100,9.11 16:00 수문방류종료,Y,방류종료,종료 문구,2010-09-11 16:00,비고 명시 시각,,N,,N
394,횡성,2010-09-20,2010-09-20 17:50,40,10cms 증,Y,증가방류,증가 문구,2010-09-20 17:50,방류시작시간,10cms,N,,N
418,충주,2010-09-22,2010-09-22 15:00,2000,,N,,,,,,,비고 없음,N
473,횡성,2011-06-24,2011-06-24 18:00,100,수문방류 승인,Y,방류,방류 문구,2011-06-24 18:00,방류시작시간,,N,,N
504,충주,2011-06-27,2011-06-27 18:00,2000,(실제방류는 20시부터),Y,방류,실제 방류 시각 문구,2011-06-27 20:00,비고 명시 시각(실제 방류),,N,,N
574,충주,2011-07-01,2011-07-01 18:00,2000,(실제 방류는 19시부터),Y,방류,실제 방류 시각 문구,2011-07-01 19:00,비고 명시 시각(실제 방류),,N,,N
597,충주,2011-07-03,2011-07-04 06:00,3000,이내 증가방류,Y,증가방류,증가 문구,2011-07-04 06:00,방류시작시간,,N,,N
612,횡성,2011-07-04,2011-07-04 10:00,100,수문조작에 의한 방류,Y,방류,방류 문구,2011-07-04 10:00,방류시작시간,,N,,N
626,충주,2011-07-05,2011-07-05 17:00,4000,(증가방류 1 000 ㎥/s),Y,증가방류,증가 문구,2011-07-05 17:00,방류시작시간,1 000 ㎥/s,N,,N
813,소양강,2011-07-27,2011-07-27 10:00,1500,,N,,,,,,,비고 없음,N
814,횡성,2011-07-27,2011-07-27 14:00,100,,N,,,,,,,비고 없음,N
842,횡성,2011-07-27,2011-07-28 00:00,200,(승인량내에서 탄력적 증가방류),Y,증가방류,증가 문구,2011-07-28 00:00,방류시작시간,,N,,N
842,횡성,2011-07-27,2011-07-28 00:00,200,(승인량내에서 탄력적 증가방류),Y,탄력적 방류,탄력 문구,2011-07-28 00:00,방류시작시간,,N,,N
1102,횡성,2011-08-17,2011-08-17 17:00,50,이내 방류,Y,방류,방류 문구,2011-08-17 17:00,방류시작시간,,N,,N
1103,충주,2011-08-17,2011-08-17 18:00,1300,이내 점증방류,Y,점진·점증방류,점진/점증 문구,2011-08-17 18:00,방류시작시간,,N,,N
1114,충주,2011-08-18,2011-08-18 17:00,1500,(증가방류 200 ㎥/s),Y,증가방류,증가 문구,2011-08-18 17:00,방류시작시간,200 ㎥/s,N,,N
1368,충주,2012-08-24,2012-08-24 15:00,2000,이내 탄력적 조정,Y,탄력적 방류,탄력 문구,2012-08-24 15:00,방류시작시간,,N,,N
1369,횡성,2012-08-24,2012-08-24 15:00,100,방류 시간 정정,N,,,,,,,승인 변경 문구만 있음(행위 아님),N
1445,충주,2012-09-14,2012-09-14 17:00,2000,이내 탄력적 방류,Y,탄력적 방류,탄력 문구,2012-09-14 17:00,방류시작시간,,N,,N
1446,횡성,2012-09-14,2012-09-14 17:00,150,이내 탄력적 방류,Y,탄력적 방류,탄력 문구,2012-09-14 17:00,방류시작시간,,N,,N
1580,횡성,2013-07-13,2013-07-13 13:00,100,이내 탄력적 방류,Y,탄력적 방류,탄력 문구,2013-07-13 13:00,방류시작시간,,N,,N
1669,횡성,2013-07-15,2013-07-15 08:00,300,,N,,,,,,,비고 없음,N
1670,횡성,2013-07-15,2013-07-15 13:00,500,,N,,,,,,,비고 없음,N
1687,횡성,2013-07-15,2013-07-15 15:40,800,이내 변경승인(기존 500 ㎥/s),N,,,,,,,승인 변경 문구만 있음(행위 아님),N
1992,횡성,2013-07-22,2013-07-22 16:00,100,,N,,,,,,,비고 없음,N
2218,광동,2016-07-04,2016-07-04 18:00,200,,N,,,,,,,비고 없음,N
2219,광동,2016-07-04,2016-07-04 18:40,200,,N,,,,,,,비고 없음,N
2220,광동,2016-07-04,2016-07-04 18:00,200,,N,,,,,,,비고 없음,N
2327,광동,2016-07-15,2016-07-16 12:00,100,(초기수문방류 100㎥/s),Y,초기방류,초기방류 문구,2016-07-16 12:00,방류시작시간,100㎥/s,N,,N
2344,광동,2016-08-28,2016-08-29 00:00,100,(초기수문방류  100㎥/s),Y,초기방류,초기방류 문구,2016-08-29 00:00,방류시작시간,100㎥/s,N,,N
2350,광동,2016-09-30,2016-10-02 17:00,200,이내 탄력적 방류,Y,탄력적 방류,탄력 문구,2016-10-02 17:00,방류시작시간,,N,,N
2368,광동,2017-07-04,2017-07-04 06:00,100,(초기수문방류 100㎥/s),Y,초기방류,초기방류 문구,2017-07-04 06:00,방류시작시간,100㎥/s,N,,N
2428,횡성,2017-07-11,2017-07-11 09:00,200,(초기수문방류  200㎥/s),Y,초기방류,초기방류 문구,2017-07-11 09:00,방류시작시간,200㎥/s,N,,N
2516,횡성,2017-07-21,2017-07-21 19:00,100,(초기수문방류  100㎥/s),Y,초기방류,초기방류 문구,2017-07-21 19:00,방류시작시간,100㎥/s,N,,N
2657,광동,2017-08-16,2017-08-16 16:00,100,(초기수문방류 100㎥/s),Y,초기방류,초기방류 문구,2017-08-16 16:00,방류시작시간,100㎥/s,N,,N
2713,횡성,2017-08-23,2017-08-23 17:00,100,100㎥/s(발전방류포함)이내 탄력적 방류,Y,탄력적 방류,탄력 문구,2017-08-23 17:00,방류시작시간,100㎥/s,N,,N
2714,광동,2017-08-23,2017-08-23 17:00,100,최대 100㎥/s(자연월류 미포함)이내 탄력적 방류,Y,탄력적 방류,탄력 문구,2017-08-23 17:00,방류시작시간,100㎥/s,N,,N
2754,소양강,2017-08-24,2017-08-25 14:00,1500,최대 1500㎥/s(발전방류 포함)이내 탄력적 방류 (초기 1000㎥/s이내 방류),Y,초기방류,초기방류 문구,2017-08-25 14:00,방류시작시간,1500㎥/s,N,,N
2754,소양강,2017-08-24,2017-08-25 14:00,1500,최대 1500㎥/s(발전방류 포함)이내 탄력적 방류 (초기 1000㎥/s이내 방류),Y,탄력적 방류,탄력 문구,2017-08-25 14:00,방류시작시간,1500㎥/s,N,,N
2755,충주,2017-08-24,2017-08-25 14:00,2000,최대 2000㎥/s(발전방류 포함)이내 탄력적방류(초기 1500 ㎥/s이내 방류),Y,초기방류,초기방류 문구,2017-08-25 14:00,방류시작시간,2000㎥/s,N,,N
2755,충주,2017-08-24,2017-08-25 14:00,2000,최대 2000㎥/s(발전방류 포함)이내 탄력적방류(초기 1500 ㎥/s이내 방류),Y,탄력적 방류,탄력 문구,2017-08-25 14:00,방류시작시간,2000㎥/s,N,,N
2804,소양강,2017-08-27,2017-08-25 14:00,1500,최대 1500㎥/s(발전방류포함) 이내 탄력적 방류(기간연장),Y,탄력적 방류,탄력 문구,2017-08-25 14:00,방류시작시간,1500㎥/s,Y,,N
2866,횡성,2017-08-24,2017-08-23 17:00,200,(증가방류  100㎥/s) 최대 200㎥/s(발전방류 포함)이내 탄력적 방류,Y,증가방류,증가 문구,2017-08-23 17:00,방류시작시간,100㎥/s,N,,N
2866,횡성,2017-08-24,2017-08-23 17:00,200,(증가방류  100㎥/s) 최대 200㎥/s(발전방류 포함)이내 탄력적 방류,Y,탄력적 방류,탄력 문구,2017-08-23 17:00,방류시작시간,100㎥/s,N,,N
2990,횡성,2018-06-29,2018-06-29 16:30,100,100㎥/s이내 탄력적 방류(발전방류 포함),Y,탄력적 방류,탄력 문구,2018-06-29 16:30,방류시작시간,100㎥/s,N,,N
2994,광동,2018-06-29,2018-06-30 12:00,100,최대 100㎥/s이내 탄력적 방류(여수로 자연월류량 제외),Y,탄력적 방류,탄력 문구,2018-06-30 12:00,방류시작시간,100㎥/s,N,,N
3034,광동,2018-07-06,2018-07-06 12:00,100,(기간연장 승인) 최대 100㎥/s이내 탄력적 방류(여수로 자연월류량 제외),Y,탄력적 방류,탄력 문구,2018-07-06 12:00,방류시작시간,100㎥/s,Y,,N
3052,광동,2018-08-23,2018-08-23 22:00,300,최대 300㎥/s이내 탄력적 방류(여수로 자연월류량 제외),Y,탄력적 방류,탄력 문구,2018-08-23 22:00,방류시작시간,300㎥/s,N,,N
3091,광동,2018-08-29,2018-08-23 22:00,300,,N,,,,,,,비고 없음,N
3142,광동,2018-08-31,2018-08-31 18:00,100,(당초) 300㎥/s (변경) 100㎥/s이내 탄력적 방류,Y,탄력적 방류,탄력 문구,2018-08-31 18:00,방류시작시간,300㎥/s,Y,,N
3178,충주,2018-09-04,2018-09-05 14:00,1500,최대 1500㎥/s이내 탄력적 방류(발전방류 포함),Y,탄력적 방류,탄력 문구,2018-09-05 14:00,방류시작시간,1500㎥/s,N,,N
3196,광동,2018-10-04,2018-10-05 10:00,450,최대 450㎥/s이내 탄력적 방류(여수로 자연월류량 제외),Y,탄력적 방류,탄력 문구,2018-10-05 10:00,방류시작시간,450㎥/s,N,,N
3227,광동,2019-06-20,2019-06-20 18:00,10,10㎥/s 이내 탄력적 방류(초기수문방류),Y,초기방류,초기방류 문구,2019-06-20 18:00,방류시작시간,10㎥/s,N,,N
3227,광동,2019-06-20,2019-06-20 18:00,10,10㎥/s 이내 탄력적 방류(초기수문방류),Y,탄력적 방류,탄력 문구,2019-06-20 18:00,방류시작시간,10㎥/s,N,,N
3228,광동,2019-07-19,2019-07-19 13:00,80,,N,,,,,,,비고 없음,N
3262,광동,2019-08-05,2019-08-06 14:00,80,,N,,,,,,,비고 없음,N
3270,광동,2019-08-14,2019-08-14 17:00,80,,N,,,,,,,비고 없음,N
3271,광동,2019-09-03,2019-09-03 21:00,80,(최대 80㎥/s 이내 탄력적 방류),Y,탄력적 방류,탄력 문구,2019-09-03 21:00,방류시작시간,80㎥/s,N,,N
3293,광동,2019-09-20,2019-09-20 16:00,100,(최대 100㎥/s 이내 탄력적 방류),Y,탄력적 방류,탄력 문구,2019-09-20 16:00,방류시작시간,100㎥/s,N,,N
3297,광동,2019-09-22,2019-09-20 16:00,400,(변경승인) 100㎥/s → 400㎥/s,N,,,,,,,승인 변경 문구만 있음(행위 아님),N
3299,광동,2019-10-02,2019-10-02 13:00,300,(최대 300㎥/s 이내 탄력적 방류),Y,탄력적 방류,탄력 문구,2019-10-02 13:00,방류시작시간,300㎥/s,N,,N
3349,광동,2020-06-29,2020-06-29 18:00,120,(최대 120㎥/s 이내 탄력적 방류),Y,탄력적 방류,탄력 문구,2020-06-29 18:00,방류시작시간,120㎥/s,N,,N
3365,광동,2020-07-23,2020-07-23 16:30,150,최대 150 ㎥/s 이내 탄력적 방류 시행,Y,탄력적 방류,탄력 문구,2020-07-23 16:30,방류시작시간,150 ㎥/s,N,,N
3377,광동,2020-07-27,2020-07-23 16:30,150,광동댐 수문방류 변경(방류기간연장) 승인. 당초:  7.23 16:30~7.27 12:00  변경: 7.23 16:30~7.31 12:00,N,,,,,,,승인 변경 문구만 있음(행위 아님),N
3412,충주,2020-08-02,2020-08-02 18:00,3000,,N,,,,,,,비고 없음,N
3451,광동,2020-08-03,2020-08-03 16:00,100,(증가방류이내100㎥/s),Y,증가방류,증가 문구,2020-08-03 16:00,방류시작시간,100㎥/s,N,,N
3475,횡성,2020-08-04,2020-08-04 15:00,300,횡성댐 방류승인 최대 300㎥/s (강우상황에 따라 방류량 탄력 조절예정),Y,탄력적 방류,탄력 문구,2020-08-04 15:00,방류시작시간,300㎥/s,N,,N
3503,소양강,2020-08-05,2020-08-05 15:00,3000,,N,,,,,,,비고 없음,N
3519,충주,2020-08-06,2020-08-02 18:00,7000,방류기간 (당초) 08/02 18:00 ~ 08/12 18:00 (변경) 08/02 18:00 ~ 08/16 24:00 방류량(당초) 3000㎥/s(변경) 7000㎥/s,N,,,,,,,승인 변경 문구만 있음(행위 아님),N
3646,소양강,2020-08-12,2020-08-05 15:00,3000,수문방류 변경승인(방류기간연장)  최대방류량내 탄력적 방류방류기간 (당초) 08/05 15:00 ~ 08/16 00:00 (변경) 08/05 15:00 ~ 08/22 00:00,Y,탄력적 방류,탄력 문구,2020-08-05 15:00,방류시작시간,,Y,,N
3647,충주,2020-08-12,2020-08-06 06:00,7000,수문방류 변경승인(방류기간연장)  최대방류량내 탄력적 방류방류기간 (당초) 08/06 06:00 ~ 08/17 00:00 (변경) 08/06 06:00 ~ 08/22 00:00,Y,탄력적 방류,탄력 문구,2020-08-06 06:00,방류시작시간,,Y,,N
3648,횡성,2020-08-12,2020-08-04 15:00,300,수문방류 변경승인(방류기간연장)  최대방류량내 탄력적 방류방류기간 (당초) 08/04 15:00 ~ 08/15 00:00 (변경) 08/04 15:00 ~ 08/22 00:00,Y,탄력적 방류,탄력 문구,2020-08-04 15:00,방류시작시간,,Y,,N
3663,광동,2020-08-13,2020-08-03 16:00,100,방류기간 (당초) 08/03 16:00 ~ 08/14 15:00 (변경) 08/03 16:00 ~ 08/21 15:00,N,,,,,,,승인 변경 문구만 있음(행위 아님),N
3732,횡성,2020-08-26,2020-08-26 16:00,50,(발전방류 포함),N,,,,,,,한정어/수치만 있고 행위 문구 없음,Y
3733,광동,2020-08-26,2020-08-26 19:00,70,광동댐 수문방류 승인,Y,방류,방류 문구,2020-08-26 19:00,방류시작시간,,N,,N
3742,횡성,2020-08-29,2020-08-29 11:00,100,(강우상황 고려 발전방류 포함 최대 100㎥/s 탄력방류),Y,탄력적 방류,탄력 문구,2020-08-29 11:00,방류시작시간,100㎥/s,N,,N
3758,광동,2020-09-01,2020-09-01 17:00,190,(최대 190㎥/s 이내 탄력적 방류),Y,탄력적 방류,탄력 문구,2020-09-01 17:00,방류시작시간,190㎥/s,N,,N
3767,횡성,2020-09-02,2020-08-29 11:00,300,(횡성댐 수문방류 변경승인)방류기간 (당초) 08/29 11:00 ~ 09/05 00:00 (변경) 08/29 11:00 ~ 09/12 00:00 방류량(당초) 100㎥/s(변경) 300㎥/s,N,,,,,,,승인 변경 문구만 있음(행위 아님),N
3770,소양강,2020-09-02,2020-09-03 12:00,1000,(소양강댐 수문방류 승인 최대 1000㎥/s),Y,방류,방류 문구,2020-09-03 12:00,방류시작시간,1000㎥/s,N,,N
3771,충주,2020-09-02,2020-09-03 12:00,2000,(충주댐 수문방류 승인 최대 2000㎥/s),Y,방류,방류 문구,2020-09-03 12:00,방류시작시간,2000㎥/s,N,,N
3773,광동,2020-09-03,2020-09-03 07:00,400,방류기간 (당초) 09/01 17:00 ~ 09/04 17:00 (변경) 09/01 17:00 ~ 09/08 17:00 방류량(당초) 190㎥/s(변경) 400㎥/s,N,,,,,,,승인 변경 문구만 있음(행위 아님),N
3862,광동,2020-07-14,2020-07-14 13:30,50,광동댐수문방류,Y,방류,방류 문구,2020-07-14 13:30,방류시작시간,,N,,N
3863,광동,2020-08-07,2020-08-03 16:00,100,광동댐 기간연장,N,,,,,,,승인 변경 문구만 있음(행위 아님),N
3899,광동,2021-07-02,2021-07-03 14:00,100,,N,,,,,,,비고 없음,N
3918,광동,2021-07-09,2021-07-03 14:00,100,방류기간 정정(당초) 07/03 14:00 ~ 07/09 18:00 (변경) 07/03 14:00 ~ 07/16 18:00 방류량(변경없음) 100㎥/s,N,,,,,,,승인 변경 문구만 있음(행위 아님),N
3919,광동,2021-07-09,2021-07-03 14:00,100,방류기간 오류 정정방류기간 (당초) 07/03 14:00 ~ 07/09 18:00 (변경) 07/03 14:00 ~ 07/16 18:00 방류량(변경없음) 100㎥/s,N,,,,,,,승인 변경 문구만 있음(행위 아님),N
