search_id,official_source,query_or_dataset,url,access_result,finding,classification,limitation_or_failure_reason,raw_file
OP-01,공공데이터포털(data.go.kr) 검색,검색어: 댐 방류 / 수문 조작 / 방류 통보 / 댐 운영 실적 / 수문 운영 / 방류 실적 / 수문 개폐 정보 / 충주댐 / 소양강댐 / 횡성댐 / 댐 수문 / 방류량 수문개폐 / 한강홍수통제소 댐 / 한국수력원자력 댐 방류 / 수문방류 / 댐 운영일지 / 홍수조절 실적 (총 18회),https://www.data.go.kr/tcs/dss/selectDataSetList.do?keyword=…,OK(검색 결과 HTML 저장),"한강수계 K-water/KHNP 댐의 ""실제 수문조작·방류 수행 기록""으로 판단되는 파일/API는 확인되지 않음. 관련 후보 7건은 아래 OP-02~OP-08",SEARCH_DONE,검색 결과 제목만으로 판단(검색 단서). 개별 후보는 카탈로그 원문 페이지를 읽어 판정,01_raw/DataGoKr/search/*.html
OP-02,K-water,한국수자원공사_수문 방류정보 조회 서비스 (data.go.kr 15140222),https://www.data.go.kr/data/15140222/openapi.do,카탈로그 페이지 확인; OpenAPI는 인증키·심의승인 필요(미호출),"제공항목: 방류시작 시간(STARTDATE)·방류종료 시간(ENDDATE)·메시지 생성/업데이트 시간·영향범위, 15분 주기, 댐코드 목록에 충주 1003110·소양강 1012110·횡성 1006110·광동 1001210 등 포함. 설명: ""댐 수문방류정보 및 영향지역 데이터 제공 서비스(내비게이션 표출 등 재난예방)""",CANDIDATE_OPERATION_LIKE (방류 통보 메시지),통보/예고 메시지인지 실제 수행 기록인지 공식 설명에 구분이 없음. 과거 이력 제공 여부 미기재(실시간 서비스로 서술). 키 필요,01_raw/DataGoKr/catalog_pages/15140222.html
OP-03,K-water,"한국수자원공사_섬진강댐 수문 개폐 정보 (data.go.kr 15117149; CSV 17,778행)",https://www.data.go.kr/data/15117149/fileData.do,다운로드 성공(미가공 저장),"설명: ""수문의 개폐 상태, 개폐 시각 등의 세부 정보"". 컬럼: 시간, 수문1~수문15 (숫자). 기간 2021-06-24 01:00 ~ 2023-07-05 00:00(원자료 관찰)",CANDIDATE_OPERATION_LIKE (수문 단위 개폐 값) — 한강수계 밖,섬진강댐은 본 연구 pilot 범위(한강수계)가 아님. 수문값의 단위·의미(개도율/높이 등)가 컬럼 정의서 외에는 확인 안 됨. Operation 구조(수문 단위 값)를 보여주는 참고 사례로만 보존,01_raw/DataGoKr/operation_candidates/15117149_섬진강댐_수문개폐정보.csv; 01_raw/DataGoKr/catalog_pages/15117149.html
OP-04,K-water,"한국수자원공사_수어댐_주암댐_방류량_수문개폐정보 샘플데이터 (15139712; XLSX 1,474행)",https://www.data.go.kr/data/15139712/fileData.do,카탈로그 확인; 파일 링크가 페이지에 노출되지 않아 미다운로드,"설명: 방류 시각, 방류량, 수문 개방 여부·높이·폭","CANDIDATE_OPERATION_LIKE — 한강수계 밖, 샘플",범위 밖(섬진강수계 수어·주암); 샘플 데이터,01_raw/DataGoKr/catalog_pages/15139712.html
OP-05,K-water,"한국수자원공사_다목적댐 발전량 및 수문운영 데이터 (15150943; 2024-01-01~12-31 시간별, 충주·소양강 포함 9개 다목적댐)",https://www.data.go.kr/data/15150943/fileData.do,카탈로그 확인; 파일 링크 미노출로 미다운로드,"제공 항목: 발전기별 발전량, 저수위, 방수로수위, 저수량, 저수율, 유입량, 자체/외부 유입량, 공용량, 총방류량",MEASUREMENT_NOT_OPERATION (수문 상태가 아닌 수문(水文) 관측·계산 변수),"기간이 2024년 단일 연도라 승인 기록(2010-2021)과 겹치지 않음. 방류 ""행위""가 아니라 방류량 측정값",01_raw/DataGoKr/catalog_pages/15150943.html
OP-06,K-water,한국수자원공사_수문 운영 정보 OpenAPI (15099110) 및 다목적댐/용수댐 운영 정보(15099049/15099047),https://www.data.go.kr/data/15099110/openapi.do,카탈로그·기술문서 확인; 인증키 필요(미호출),"항목: 댐수위·강우량·유입량·총방류량·저수량·저수율 (10분/시간/일). 이름의 ""수문""은 水文(hydrology)이며 수문 개폐가 아님(제공항목 목록으로 확인)",MEASUREMENT_NOT_OPERATION,MyWater에서 이미 수집한 항목과 동일 계열,01_raw/DataGoKr/catalog_pages/15099110.html; 01_raw/DataGoKr/tech_docs/
OP-07,한국수력원자력,한국수력원자력(주)_수력 발전소 수문자료 현황 (15157779),https://www.data.go.kr/data/15157779/openapi.do,카탈로그 확인; 인증키 필요(미호출),"항목: 측정일, 강우량, 방류량, 사용수량, 일일발전량, 유하량, 저수위 등 (발전소 코드/명)",MEASUREMENT_NOT_OPERATION,방류량은 측정/집계 값이며 수문조작 기록 아님(항목 목록 기준). 일 단위로 보이나 주기 명시 없음(미확인),01_raw/DataGoKr/catalog_pages/15157779.html
OP-08,K-water MyWater,"한강현황 운영현황 표의 ""방류상태"" 열 (현재 스냅샷)",https://www.water.or.kr/kor/flood/floodstatus/index.do?mode=list&types=1&menuId=16_166_271_272,OK (2026-09-29 및 2026-10-01 두 번 저장),"한강수계 15개 시설 모두 방류상태 ""-""(두 스냅샷), 의미·값 도메인 설명 없음. 이력 조회 기능 확인 안 됨",CANDIDATE_OPERATION_LIKE (현재 상태 열; 내용 없음),값이 비어 있어 내용 확인 불가; 방류상태 정의 없음; 과거 기록 없음,01_raw/KWater/pages/mywater_floodstatus_hangang_2026-10-01.html; mywater_flood_operation_status_2026-09-29.html
OP-09,K-water MyWater,수문현황 getHydr/getPeriod의 총방류량(DATA6) 시계열 (수집 완료),https://www.water.or.kr/kor/realtime/sumun/index.do?mode=sumun&menuId=13_91_93_94,OK,"방류량 측정(또는 계산)값의 시계열. 사이트 정의: ""저수지에서 공급되는 유량의 합""",MEASUREMENT_NOT_OPERATION,방류 시작·종료·수문 조작 주체가 없는 결과 변수. 총방류량 변화를 Operation으로 환원하지 않음(지침),03_normalized/kwater_mywater_hydr_*_wide.csv.gz
OP-10,한강홍수통제소 / WAMIS / 환경부 / K-water 구 OpenAPI,"hrfco.go.kr, api.hrfco.go.kr, wamis.go.kr, me.go.kr, opendata.kwater.or.kr",각 도메인 루트,FAIL (연결 실패/프록시 차단; 2026-09-29 및 2026-10-01 재시도 모두),내용 확인 불가,NOT_ACCESSIBLE,"""자료 없음""이 아니라 ""접근 못 함"". 이 환경에서 확인 불가한 출처이므로 사람이 접근 가능한 환경에서 방류 통보·운영일지 공개 여부 확인 필요",02_metadata/gap_fetch_log.csv; 04_reports/access_probe*.tsv
OP-11,법제처 행정규칙,"연계운영규정 제6조②(수문조작 시 홍수통제소장 사전 승인), 제14조①(방류량 조정 후 지체없이 통보), 제13조(운영실적 평가: 월별 저수위·유입량·방류량·발전량)",http://www.law.go.kr/DRF/lawService.do?target=admrul&ID=2100000134749&type=XML (2018-06-29판) 외,OK,규정은 수문조작·방류량 조정·통보라는 행위와 사전 승인·사후 통보 절차의 존재를 서술. 그 행위의 기록물 형식·공개 여부는 규정에 없음,DEFINITION_ONLY,행위의 개념 근거이며 인스턴스 자료가 아님,01_raw/Law_history/admrul_2100000134749_*.xml
