operation,dam,time,type,window_rows,approvals,flood_season,level_max_minus_limit_m,approval_order,complete_v1,complete_v1.1
OPR:1102:1,횡성댐,2011-08-17T17:00,방류,19,APR:1102,Y,-3.87,승인일 ≤ 방류시작일,Y,Y
OPR:1103:1,충주댐,2011-08-17T18:00,점진·점증방류,19,APR:1103,Y,0.66,승인일 ≤ 방류시작일,Y,Y
OPR:1104:1,충주조정지,2011-08-17T18:00,점진·점증방류,19,APR:1104,Y,,승인일 ≤ 방류시작일,N,Y
OPR:1114:1,충주댐,2011-08-18T17:00,증가방류,19,APR:1114,Y,2.47,승인일 ≤ 방류시작일,Y,Y
OPR:1115:1,충주조정지,2011-08-18T17:00,증가방류,19,APR:1115,Y,,승인일 ≤ 방류시작일,N,Y
OPR:1152:1,충주조정지,2012-04-02T20:00,수문조작(연계 시설),19,APR:1152,N,,승인일 ≤ 방류시작일,N,Y
OPR:1264:1,충주조정지,2012-08-12T19:00,탄력적 방류,19,APR:1264,Y,,승인일 ≤ 방류시작일,N,Y
OPR:1368:1,충주댐,2012-08-24T15:00,탄력적 방류,19,APR:1368,Y,-3.82,승인일 ≤ 방류시작일,Y,Y
OPR:1445:1,충주댐,2012-09-14T17:00,탄력적 방류,19,APR:1445,Y,2.15,승인일 ≤ 방류시작일,Y,Y
OPR:1446:1,횡성댐,2012-09-14T17:00,탄력적 방류,19,APR:1446,Y,-0.31,승인일 ≤ 방류시작일,Y,Y
OPR:1580:1,횡성댐,2013-07-13T13:00,탄력적 방류,19,APR:1580,Y,-5.5,승인일 ≤ 방류시작일,Y,Y
OPR:2327:1,광동댐,2016-07-16T12:00,초기방류,19,APR:2327,Y,,승인일 ≤ 방류시작일,N,Y
OPR:2344:1,광동댐,2016-08-29T00:00,초기방류,19,APR:2344,Y,,승인일 ≤ 방류시작일,N,Y
OPR:2350:1,광동댐,2016-10-02T17:00,탄력적 방류,19,APR:2350,N,,승인일 ≤ 방류시작일,N,Y
OPR:2368:1,광동댐,2017-07-04T06:00,초기방류,19,APR:2368,Y,,승인일 ≤ 방류시작일,N,Y
OPR:2428:1,횡성댐,2017-07-11T09:00,초기방류,19,APR:2428,Y,0.37,승인일 ≤ 방류시작일,Y,Y
OPR:2516:1,횡성댐,2017-07-21T19:00,초기방류,19,APR:2516,Y,-0.59,승인일 ≤ 방류시작일,Y,Y
OPR:2657:1,광동댐,2017-08-16T16:00,초기방류,19,APR:2657,Y,,승인일 ≤ 방류시작일,N,Y
OPR:2713:1,횡성댐,2017-08-23T17:00,탄력적 방류,19,APR:2713,Y,-0.68,승인일 ≤ 방류시작일,Y,Y
OPR:2714:1,광동댐,2017-08-23T17:00,탄력적 방류,19,APR:2714,Y,,승인일 ≤ 방류시작일,N,Y
OPR:2754:1,소양강댐,2017-08-25T14:00,초기방류,19,APR:2754,Y,2.26,승인일 ≤ 방류시작일,Y,Y
OPR:2754:2,소양강댐,2017-08-25T14:00,탄력적 방류,19,APR:2754,Y,2.26,승인일 ≤ 방류시작일,Y,Y
OPR:2755:1,충주댐,2017-08-25T14:00,초기방류,19,APR:2755,Y,0.83,승인일 ≤ 방류시작일,Y,Y
OPR:2755:2,충주댐,2017-08-25T14:00,탄력적 방류,19,APR:2755,Y,0.83,승인일 ≤ 방류시작일,Y,Y
OPR:279:1,횡성댐,2010-09-11T16:00,방류종료,19,APR:279,Y,-2.66,승인일 ≤ 방류시작일,Y,Y
OPR:2804:1,소양강댐,2017-08-25T14:00,탄력적 방류,19,APR:2804,Y,2.26,방류시작 이후 승인(변경승인 포함 가능),Y,Y
OPR:2866:1,횡성댐,2017-08-23T17:00,증가방류,19,APR:2866,Y,-0.68,방류시작 이후 승인(변경승인 포함 가능),Y,Y
OPR:2866:2,횡성댐,2017-08-23T17:00,탄력적 방류,19,APR:2866,Y,-0.68,방류시작 이후 승인(변경승인 포함 가능),Y,Y
OPR:2990:1,횡성댐,2018-06-29T16:30,탄력적 방류,19,APR:2990,Y,-4.01,승인일 ≤ 방류시작일,Y,Y
OPR:2994:1,광동댐,2018-06-30T12:00,탄력적 방류,19,APR:2994,Y,,승인일 ≤ 방류시작일,N,Y
OPR:3034:1,광동댐,2018-07-06T12:00,탄력적 방류,19,APR:3034,Y,,승인일 ≤ 방류시작일,N,Y
OPR:3052:1,광동댐,2018-08-23T22:00,탄력적 방류,19,APR:3052,Y,,승인일 ≤ 방류시작일,N,Y
OPR:3142:1,광동댐,2018-08-31T18:00,탄력적 방류,19,APR:3142,Y,,승인일 ≤ 방류시작일,N,Y
OPR:3178:1,충주댐,2018-09-05T14:00,탄력적 방류,19,APR:3178,Y,2.81,승인일 ≤ 방류시작일,Y,Y
OPR:3196:1,광동댐,2018-10-05T10:00,탄력적 방류,19,APR:3196,N,,승인일 ≤ 방류시작일,N,Y
OPR:3227:1,광동댐,2019-06-20T18:00,초기방류,19,APR:3227,N,,승인일 ≤ 방류시작일,N,Y
OPR:3227:2,광동댐,2019-06-20T18:00,탄력적 방류,19,APR:3227,N,,승인일 ≤ 방류시작일,N,Y
OPR:3271:1,광동댐,2019-09-03T21:00,탄력적 방류,19,APR:3271,Y,,승인일 ≤ 방류시작일,N,Y
OPR:3293:1,광동댐,2019-09-20T16:00,탄력적 방류,19,APR:3293,Y,,승인일 ≤ 방류시작일,N,Y
OPR:3299:1,광동댐,2019-10-02T13:00,탄력적 방류,19,APR:3299,N,,승인일 ≤ 방류시작일,N,Y
OPR:3349:1,광동댐,2020-06-29T18:00,탄력적 방류,19,APR:3349,Y,,승인일 ≤ 방류시작일,N,Y
OPR:3365:1,광동댐,2020-07-23T16:30,탄력적 방류,19,APR:3365,Y,,승인일 ≤ 방류시작일,N,Y
OPR:3451:1,광동댐,2020-08-03T16:00,증가방류,19,APR:3451,Y,,승인일 ≤ 방류시작일,N,Y
OPR:3475:1,횡성댐,2020-08-04T15:00,탄력적 방류,19,APR:3475,Y,-2.14,승인일 ≤ 방류시작일,Y,Y
OPR:3646:1,소양강댐,2020-08-05T15:00,탄력적 방류,19,APR:3646,Y,2.18,방류시작 이후 승인(변경승인 포함 가능),Y,Y
OPR:3647:1,충주댐,2020-08-06T06:00,탄력적 방류,19,APR:3647,Y,1.98,방류시작 이후 승인(변경승인 포함 가능),Y,Y
OPR:3648:1,횡성댐,2020-08-04T15:00,탄력적 방류,19,APR:3648,Y,-2.14,방류시작 이후 승인(변경승인 포함 가능),Y,Y
OPR:3733:1,광동댐,2020-08-26T19:00,방류,19,APR:3733,Y,,승인일 ≤ 방류시작일,N,Y
OPR:3742:1,횡성댐,2020-08-29T11:00,탄력적 방류,19,APR:3742,Y,-1.72,승인일 ≤ 방류시작일,Y,Y
OPR:3758:1,광동댐,2020-09-01T17:00,탄력적 방류,19,APR:3758,Y,,승인일 ≤ 방류시작일,N,Y
OPR:3770:1,소양강댐,2020-09-03T12:00,방류,19,APR:3770,Y,-0.73,승인일 ≤ 방류시작일,Y,Y
OPR:3771:1,충주댐,2020-09-03T12:00,방류,19,APR:3771,Y,-6.76,승인일 ≤ 방류시작일,Y,Y
OPR:3862:1,광동댐,2020-07-14T13:30,방류,19,APR:3862,Y,,승인일 ≤ 방류시작일,N,Y
OPR:394:1,횡성댐,2010-09-20T17:50,증가방류,19,APR:394,Y,-0.07,승인일 ≤ 방류시작일,Y,Y
OPR:444:1,충주조정지,2011-05-09T18:00,증가방류,19,APR:444,N,,승인일 ≤ 방류시작일,N,Y
OPR:448:1,충주조정지,2011-05-11T08:00,증가방류,19,APR:448,N,,승인일 ≤ 방류시작일,N,Y
OPR:464:1,충주조정지,2011-05-24T15:00,점진·점증방류,19,APR:464,N,,승인일 ≤ 방류시작일,N,Y
OPR:466:1,충주조정지,2011-05-28T06:00,방류,19,APR:466,N,,승인일 ≤ 방류시작일,N,Y
OPR:473:1,횡성댐,2011-06-24T18:00,방류,19,APR:473,Y,-10.24,승인일 ≤ 방류시작일,Y,Y
OPR:480:1,충주조정지,2011-06-24T22:00,증가방류,19,APR:480,Y,,승인일 ≤ 방류시작일,N,Y
OPR:504:1,충주댐,2011-06-27T20:00,방류,19,APR:504,Y,-3.94,승인일 ≤ 방류시작일,Y,Y
OPR:574:1,충주댐,2011-07-01T19:00,방류,19,APR:574,Y,-1.12,승인일 ≤ 방류시작일,Y,Y
OPR:597:1,충주댐,2011-07-04T06:00,증가방류,19,APR:597,Y,2.09,승인일 ≤ 방류시작일,Y,Y
OPR:598:1,충주조정지,2011-07-04T06:00,증가방류,19,APR:598,Y,,승인일 ≤ 방류시작일,N,Y
OPR:612:1,횡성댐,2011-07-04T10:00,방류,19,APR:612,Y,-4.06,승인일 ≤ 방류시작일,Y,Y
OPR:626:1,충주댐,2011-07-05T17:00,증가방류,19,APR:626,Y,1.42,승인일 ≤ 방류시작일,Y,Y
OPR:826:1,충주조정지,2011-07-27T17:00,탄력적 방류,19,APR:826,Y,,승인일 ≤ 방류시작일,N,Y
OPR:842:1,횡성댐,2011-07-28T00:00,증가방류,19,APR:842,Y,-3.49,승인일 ≤ 방류시작일,Y,Y
OPR:842:2,횡성댐,2011-07-28T00:00,탄력적 방류,19,APR:842,Y,-3.49,승인일 ≤ 방류시작일,Y,Y
