cq,item,strict_v1,variant_v1.1,detail
CQ1,광동댐,"수문 6/6 변수, 기상은 강우량만",동일,"기준시점 2026-09-28 23:00:00; 수위 671.729 EL.m, 유입량 0.219 CMS, 총방류량 0.469 CMS; 기온·풍속 등 기상 변수 없음(ASOS 미수집)"
CQ1,충주댐,"수문 6/6 변수, 기상은 강우량만",동일,"기준시점 2026-09-28 23:00:00; 수위 131.6689 EL.m, 유입량 14.402 CMS, 총방류량 0.43 CMS; 기온·풍속 등 기상 변수 없음(ASOS 미수집)"
CQ1,충주조정지,"수문 6/6 변수, 기상은 강우량만",동일,"기준시점 2026-09-28 23:00:00; 수위 64.317 EL.m, 유입량 65.841 CMS, 총방류량 87.897 CMS; 기온·풍속 등 기상 변수 없음(ASOS 미수집)"
CQ1,횡성댐,"수문 6/6 변수, 기상은 강우량만",동일,"기준시점 2026-09-28 23:00:00; 수위 174.99 EL.m, 유입량 2.304 CMS, 총방류량 2.304 CMS; 기온·풍속 등 기상 변수 없음(ASOS 미수집)"
CQ1,소양강댐,"수문 6/6 변수, 기상은 강우량만",동일,"기준시점 2026-09-28 23:00:00; 수위 185.2644 EL.m, 유입량 95.079 CMS, 총방류량 102.579 CMS; 기온·풍속 등 기상 변수 없음(ASOS 미수집)"
CQ2,승인 102건의 방류시작 전후 상태 창,27/102건에서 조회 가능,동일,광동댐 15/36; 소양강댐 3/6; 충주댐 4/15; 충주조정지 0/21; 횡성댐 5/24
CQ2,운영행위 69건의 상태 창,13/69건에서 조회 가능,동일,광동댐 6/22; 소양강댐 2/5; 충주댐 2/13; 충주조정지 0/11; 횡성댐 3/18
CQ2,임의 과거 시점(2021-01 이후),5개 댐 모두 시간 단위 조회 가능,동일,광동댐 2019-08-06~2026-09-28; 충주댐 2020-08-02~2026-09-28; 충주조정지 2021-01-01~2026-09-28; 횡성댐 2020-08-04~2026-09-28; 소양강댐 2020-08-05~2026-09-28
CQ3,운영행위 개체,69개 (승인 64/102건에서 생성),동일,"유형: 탄력적 방류 33, 증가방류 12, 방류 10, 초기방류 9, 점진·점증방류 3, 수문조작(연계 시설) 1, 방류종료 1"
CQ3,실제 수행 확인,확인 불가 (승인 비고에서 분류한 행위),동일,실제 운영 기록 없음(하천법 제39조③에 따른 기록은 11월 한수원 방문 요청 대상)
CQ4,댐에서 도달 가능한 승인,64/102건,102/102건,v1.1은 Approval–Dam 직접 관계(concernsDam) 사용
CQ4,승인 사항 충족(시행령 제48조: 방류량·시작 시각·방류기간),"방류량 102/102, 시작 시각 102/102, 방류기간 11/102 (비고에서)",동일,승인일은 날짜만 있음; 방류기간은 비고에 일부만 기재
CQ5,광동댐,제한수위 없음 (별표3에 미수록),제한수위 0 + 규칙 18개,
CQ5,충주댐,제한수위 138.0 EL.m (연혁 9개 판 동일),제한수위 1 + 규칙 18개,
CQ5,충주조정지,제한수위 없음 (별표3에 미수록),제한수위 0 + 규칙 18개,
CQ5,횡성댐,제한수위 178.2 EL.m (연혁 9개 판 동일),제한수위 1 + 규칙 18개,
CQ5,소양강댐,제한수위 190.3 EL.m (연혁 9개 판 동일),제한수위 1 + 규칙 18개,
CQ6,Approval,"102/102 근거 연결, 102 위치 확인","102/102 근거 연결, 102 위치 확인",
CQ6,Operation,"69/69 근거 연결, 69 위치 확인","69/69 근거 연결, 69 위치 확인",근거가 승인 레코드와 동일(독립 근거 아님)
CQ6,HydrometeorologicalState,"30/30 근거 연결, 30 위치 확인","30/30 근거 연결, 30 위치 확인",
CQ6,Criterion(제한수위),"3/3 근거 연결, 3 위치 확인","3/3 근거 연결, 3 위치 확인",
CQ6,"Criterion(규칙, v1.1)",해당 없음,"18/18 근거 연결, 18 위치 확인",
통합,운영행위 69건 중 상태 창이 있는 사례,13건,동일,상태 + 운영행위 + 승인 + 근거를 함께 조립할 수 있는 사례
통합,제한수위까지 함께 조립되는 사례,7건 (충주·소양강·횡성 사례),13건 (규칙 18개 포함),
통합,홍수기에 해당하는 운영행위,판정 불가(규칙 없음),59/69건,연계운영규정 제2조 3호 적용
통합,현재 상태와 비슷한 과거 사례 검색,"댐별 후보 사례 광동댐 6, 충주댐 2, 충주조정지 0, 횡성댐 3, 소양강댐 2",동일,사례 후보는 상태 창이 있는 운영행위뿐(2019~2020)
