강수량관측소코드,년도,관리기관명,수계명,관측소명칭,관측소명칭영문,기록방법,관측방법,주소,경도,위도,관측개시일,해발고(m),홍수통제소명,공인신청여부,관측소등급,전기간폐국여부
10014010,2025,기후에너지환경부,한강,평창군(월정분교),Pyeongchanggun(Woljeongbungyo),M2M/Inmarset,전도형우설량계,강원특별자치도 평창군 진부면 내동산길 4 진부초등학교 월정분교(폐교),128-35-57,37-42-34 ,1916-01-01,614.2,한강홍수통제소,T,우수(B),F
10014020,2025,기후에너지환경부,한강,정선군(정선군2청사),Jeongseongun(Jeongseongun2chungsa),VHF/M2M,전도형우설량계,강원특별자치도 정선군 정선읍 녹송4길 71 정선군 제2청사,128-40-25,37-23-03 ,1916-07-01,316.7,한강홍수통제소,T,우수(B),F
10014080,2025,기후에너지환경부,한강,강릉시(대기리),Gangneungsi(Daegiri),VHF/M2M,전도형우설량계,강원특별자치도 강릉시 왕산면 대기리 922-1,128-46-39,37-35-10 ,1983-07-01,632.2,한강홍수통제소,T,우수(B),F
10014090,2025,기후에너지환경부,한강,정선군(고한읍사무소),Jeongseongun(Gohaneupsamuso),VHF/M2M,전도형우설량계,강원특별자치도 정선군 고한읍 고한2길 1 고한읍행정복지센터,128-51-06,37-12-15,1983-07-01,724.2,한강홍수통제소,T,우수(B),F
10014100,2025,기후에너지환경부,한강,삼척시(번천리),Samcheoksi(Beoncheonri),VHF/M2M,전도형우설량계,강원특별자치도 삼척시 하장면 번천리 125-1,128-59-50,37-21-57 ,1983-07-01,739,한강홍수통제소,T,우수(B),F
10024010,2025,기후에너지환경부,한강,평창군(가평초교),Pyeongchanggun(Gapyeongchogyo),VHF/M2M,전도형우설량계,강원특별자치도 평창군 대화면 가평로 400 가평초등학교,128-28-57,37-26-50 ,1915-01-14,472.9,한강홍수통제소,T,우수(B),F
10024060,2025,기후에너지환경부,한강,평창군(방림면사무소),Pyeongchanggun(Bangrimmyeonsamuso),VHF/M2M,전도형우설량계,강원특별자치도 평창군 방림면 서동로 1337 방림면사무소,128-23-39,37-25-35 ,1964-06-14,364,한강홍수통제소,T,우수(B),F
10024090,2025,기후에너지환경부,한강,평창군(흥정리),Pyeongchanggun(Heungjeongri),VHF/M2M,전도형우설량계,강원특별자치도 평창군 봉평면 흥정리계곡4길 61-4,128-19-01,37-39-04 ,1982-07-14,651.4,한강홍수통제소,T,보통(C),F
10024100,2025,기후에너지환경부,한강,평창군(계촌리),Pyeongchanggun(Hampjeonsichaehumsil),VHF/M2M,전도형우설량계,강원특별자치도 평창군 방림면 고원로 1249 (구)헴프전시체험실,128-20-44,37-27-15 ,1982-07-01,450.1,한강홍수통제소,T,우수(B),F
10024110,2025,기후에너지환경부,한강,평창군(유포리),Pyeongchanggun(Yupori),VHF/M2M,전도형우설량계,강원특별자치도 평창군 봉평면 유포리 597-10,128-22-38,37-31-32 ,1982-07-14,489.2,한강홍수통제소,T,우수(B),F
10024120,2025,기후에너지환경부,한강,평창군(유포리2),Pyeongchanggun(Deungmaebiryongsuryunwon),VHF/M2M,전도형우설량계,강원특별자치도 평창군 봉평면 금당계곡로 1761 (구)등매비룡수련원,128-23-36,37-33-06 ,1982-07-01,492.5,한강홍수통제소,T,우수(B),F
10024130,2025,기후에너지환경부,한강,평창군(도사리),Pyeongchanggun(Dosari),VHF/M2M,전도형우설량계,강원특별자치도 평창군 용평면 도사리 332-1,128-26-21,37-36-38 ,1982-07-14,566.6,한강홍수통제소,T,우수(B),F
10024140,2025,기후에너지환경부,한강,평창군(고길리),Pyeongchanggun(Gogilri),M2M/VHF,전도형우설량계,강원특별자치도 평창군 평창읍 고길리 산1-2,128-27-22,37-24-17 ,1982-07-14,456.9,한강홍수통제소,T,우수(B),F
10024150,2025,기후에너지환경부,한강,평창군(신리),Pyeongchanggun(Sinrichogyo),VHF/M2M,전도형우설량계,강원특별자치도 평창군 대화면 신리 597-8 송빈공원,128-27-25,37-32-04 ,1982-07-14,484.9,한강홍수통제소,T,우수(B),F
10024160,2025,기후에너지환경부,한강,평창군(이승복기념관),Pyeongchanggun(Gyebangbungyo),M2M/Inmarset,전도형우설량계,강원특별자치도 평창군 용평면 운두령로 500-11 이승복기념관,128-27-46,37-40-27 ,1982-07-01,704.6,한강홍수통제소,T,우수(B),F
10034050,2025,기후에너지환경부,한강,단양군(영춘중교),Danyanggun(Yeongchunjoonggyo),VHF/M2M,전도형우설량계,충청북도 단양군 영춘면 온달평강로 105 영춘중학교,128-29-03,37-04-56 ,1962-07-01,176.8,한강홍수통제소,T,우수(B),F
10034060,2025,기후에너지환경부,한강,제천시(덕주휴게소),Jecheonsi(Deokjuhugaeso),M2M/Inmarset,전도형우설량계,충청북도 제천시 한수면 송계리 1149 덕주휴게소,128-05-19,36-51-49 ,1984-03-05,214.9,한강홍수통제소,T,우수(B),F
10034070,2025,기후에너지환경부,한강,단양군(올산리),Danyanggun(Olsanri),VHF/M2M,전도형우설량계,충청북도 단양군 대강면 올산리 159-2,128-22-20,36-50-24 ,1984-03-05,572.3,한강홍수통제소,T,우수(B),F
10044010,2025,기후에너지환경부,한강,괴산군(청천면사무소),Goesangun(Cheongcheonmyeonsamuso),M2M/Inmarset,전도형우설량계,충청북도 괴산군 청천면 괴산로 1342-1 청천면사무소,127-44-15,36-39-38 ,1960-08-01,182.9,한강홍수통제소,T,우수(B),F
10044020,2025,기후에너지환경부,한강,충주시(수안보면사무소),Chungjusi(Suanbomyeonsamuso),M2M/Inmarset,전도형우설량계,충청북도 충주시 수안보면 관동길 9-9 수안보행정복지센터,127-59-41,36-50-50 ,1962-07-01,218.6,한강홍수통제소,T,우수(B),F
10044030,2025,기후에너지환경부,한강,괴산군(연풍초교),Goesangun(Yeonpungchogyo),VHF/M2M,전도형우설량계,충청북도 괴산군 연풍면 중앙로 53 연풍초등학교,127-59-51,36-45-43 ,1962-07-01,228.5,한강홍수통제소,T,우수(B),F
10044060,2025,기후에너지환경부,한강,보은군(법주분교),Boeungun(Beopjubungyo),Inmarset/M2M,전도형우설량계,충청북도 보은군 속리산면 속리산로 743 수정초등학교 법주분교(폐교),127-48-23,36-30-37 ,1973-01-01,325.2,한강홍수통제소,T,우수(B),F
10044080,2025,기후에너지환경부,한강,상주시(입석분교),Sangjusi(Ipseokbungyo),Inmarset/M2M,전도형우설량계,경상북도 상주시 화북면 문장로 2645 화북초등학교 입석분교,127-53-10,36-38-17 ,1984-01-01,266.5,한강홍수통제소,T,우수(B),F
10044090,2025,기후에너지환경부,한강,보은군(법주사),Boeungun(Beopjusa),M2M/Inmarset,전도형우설량계,충청북도 보은군 속리산면 법주사로 421 법주사,127-49-57,36-32-27 ,1984-03-05,357.9,한강홍수통제소,T,보통(C),F
10044110,2025,기후에너지환경부,한강,청주시(성대리),Cheongjusi(Seongdaeri),Inmarset/M2M,전도형우설량계,충청북도 청주시 상당구 미원면 성대리 596-29,127-39-30,36-37-02 ,1989-07-01,229.6,한강홍수통제소,T,우수(B),F
10044150,2025,기후에너지환경부,한강,음성군(음성고교),Eumseonggun(Eumseonggogyo),VHF/M2M,전도형우설량계,충청북도 음성군 음성읍 중앙로 109-16 음성고등학교,127-41-10,36-56-03 ,1996-12-01,180,한강홍수통제소,T,우수(B),F
10044160,2025,기후에너지환경부,한강,괴산군(송면중교),Goesangun(Songmyeonjoonggyo),M2M/Inmarset,전도형우설량계,충청북도 괴산군 청천면 문장로 2915 송면중학교,127-52-29,36-39-36 ,1996-12-01,241.6,한강홍수통제소,T,보통(C),F
10044170,2025,기후에너지환경부,한강,괴산군(문당리),Goesangun(Mundangri),VHF/M2M,전도형우설량계,충청북도 괴산군 청안면 문당리 932-2,127-40-17,36-44-29 ,1998-03-01,298.9,한강홍수통제소,T,우수(B),F
10044180,2025,기후에너지환경부,한강,보은군(탁주리),Boeungun(Susunjea),M2M/Inmarset,전도형우설량계,충청북도 보은군 산외면 탁주리105-2,127-44-56,36-34-11 ,1998-03-01,269.8,한강홍수통제소,T,우수(B),F
10054010,2025,기후에너지환경부,한강,원주시(법천교),Wonjusi(Beopcheongyo),VHF/M2M,전도형우설량계,강원특별자치도 원주시 부론면 법천리 법천교,127-45-15,37-12-16,1962-07-01,56.7,한강홍수통제소,T,우수(B),F
10054020,2025,기후에너지환경부,한강,충주시(엄정면사무소),Chungjusi(Aumjungmyeonsamuso),VHF/M2M,전도형우설량계,충청북도 충주시 엄정면 내창로 185 엄정면행정복지센터,127-54-54,37-05-11,1962-07-01,83.7,한강홍수통제소,T,우수(B),F
10054030,2025,기후에너지환경부,한강,충주시(용대리),Chungjusi(Yongdaeri),VHF/M2M,전도형우설량계,충청북도 충주시 앙성면 용대리 485-1,127-45-06,37-05-13,1989-07-01,205,한강홍수통제소,T,우수(B),F
10064020,2025,기후에너지환경부,한강,횡성군(횡성군청),Hoengseonggun(Hoengseonggunchung),VHF/M2M,전도형우설량계,강원특별자치도 횡성군 횡성읍 태기로 15 횡성군청,127-59-06,37-29-32 ,1916-07-01,138.7,한강홍수통제소,T,우수(B),F
10064030,2025,기후에너지환경부,한강,양평군(양동주민자치센터),Yangpyeonggun(Yangdongjuminjachicenter),VHF/M2M,전도형우설량계,경기도 양평군 양동면 학둔지아래길 24 양동주민자치센터,127-45-05,37-25-28 ,1962-07-01,135.2,한강홍수통제소,T,우수(B),F
10064040,2025,기후에너지환경부,한강,횡성군(청일면사무소),Hoengseonggun(Cheongilmyeonsamuso),VHF/M2M,전도형우설량계,강원특별자치도 횡성군 청일면 유동로 17 청일면행정복지센터,128-09-01,37-35-02 ,1962-07-01,231.4,한강홍수통제소,T,우수(B),F
10064050,2025,기후에너지환경부,한강,원주시(지정면사무소),Wonjusi(Jijungmyeonsamuso),VHF/M2M,전도형우설량계,강원특별자치도 원주시 지정면 간현로 126 지정면사무소,127-50-23,37-21-44 ,1966-09-01,72.2,한강홍수통제소,T,우수(B),F
10064060,2025,기후에너지환경부,한강,원주시(문막교),Wonjusi(Munmakgyo),VHF/M2M,전도형우설량계,강원특별자치도 원주시 문막읍 문막리 문막교,127-48-37,37-18-18 ,1980-06-01,65,한강홍수통제소,T,우수(B),F
10064070,2025,기후에너지환경부,한강,원주시(서곡초교),Wonjusi(Seogokchogyo),VHF/M2M,전도형우설량계,강원특별자치도 원주시 판부면 용수골길 159 서곡초등학교,127-56-22,37-17-54 ,1996-12-01,189.3,한강홍수통제소,T,우수(B),F
10064080,2025,기후에너지환경부,한강,횡성군(우항리),Hoengseonggun(Uhhangri),VHF/M2M,전도형우설량계,강원특별자치도 횡성군 우천면 우항리 658-3,128-03-55,37-27-42 ,1998-03-01,189.6,한강홍수통제소,T,우수(B),F
10064090,2025,기후에너지환경부,한강,원주시(흥양초교),Wonjusi(Huengyangchogyo),VHF/M2M,전도형우설량계,강원특별자치도 원주시 소초면 하초구길 6 흥양초등학교,127-59-52,37-22-50 ,1998-03-01,187.4,한강홍수통제소,T,우수(B),F
10074010,2025,기후에너지환경부,한강,양평군(양평교),Yangpyeonggun(Yangpyeonggyo),VHF/M2M,전도형우설량계,경기도 양평군 양평읍 양근리 양평대교,127-29-24,37-29-11 ,1914-01-01,40.1,한강홍수통제소,T,우수(B),F
10074030,2025,기후에너지환경부,한강,여주시(여주대교),Yeojusi(Yeojudaegyo),VHF/M2M,전도형우설량계,경기도 여주시 상동 여주대교,127-38-53,37-17-44 ,1962-07-01,51.5,한강홍수통제소,T,우수(B),F
10074040,2025,기후에너지환경부,한강,양평군(청운면사무소),Yangpyeonggun(Cheongunmyeonsamuso),VHF/M2M,전도형우설량계,경기도 양평군 청운면 용두로 170 청운면사무소,127-42-38,37-33-23 ,1964-07-01,129.8,한강홍수통제소,T,우수(B),F
10074050,2025,기후에너지환경부,한강,음성군(생극면사무소),Eumseonggun(Seanggeukmyeonsamuso),Inmarset/M2M,전도형우설량계,충청북도 음성군 생극면 음성로 1646 생극면행정복지센터,127-36-25,37-02-03,1965-11-01,91.1,한강홍수통제소,T,우수(B),F
10074060,2025,기후에너지환경부,한강,이천시(이천남초교),Icheonsi(Icheonnamchogyo),VHF/M2M,전도형우설량계,경기도 이천시 경충대로 2614번길 32 이천남초등학교,127-26-41,37-16-35 ,1974-07-01,82.5,한강홍수통제소,T,우수(B),F
10074070,2025,기후에너지환경부,한강,여주시(금당초교),Yeojusi(Kumdangchogyo),VHF/M2M,전도형우설량계,경기도 여주시 가남읍 가남로 649 금당초등학교,127-36-19,37-11-51 ,1988-12-01,94.7,한강홍수통제소,T,우수(B),F
10074080,2025,기후에너지환경부,한강,안성시(삼죽초교),Anseongsi(Samjukchogyo),VHF/M2M,전도형우설량계,경기도 안성시 삼죽면 삼죽초교길 20 삼죽초등학교,127-22-28,37-04-36 ,1989-07-01,120.8,한강홍수통제소,T,우수(B),F
10074090,2025,기후에너지환경부,한강,이천시(장천초교),Icheonsi(Jangcheonchogyo),VHF/M2M,전도형우설량계,경기도 이천시 설성면 설성로 164-25 장천초등학교,127-31-39,37-08-45 ,1989-07-01,107.8,한강홍수통제소,T,우수(B),F
10074100,2025,기후에너지환경부,한강,여주시(주암리),Yeojusi(Juambungyo),VHF/M2M,전도형우설량계,경기도 여주시 북내면 주암길225-3 (구)주암분교,127-40-46,37-23-50 ,1996-12-01,83.4,한강홍수통제소,T,우수(B),F
10074110,2025,기후에너지환경부,한강,광주시(검천리),Gwangjusi(Geomcheonri),VHF/M2M,전도형우설량계,경기도 광주시 남종면 검천리362,127-20-32,37-31-51 ,1998-03-01,35,한강홍수통제소,T,우수(B),F
10074120,2025,기후에너지환경부,한강,여주시(상품중교),Yeojusi(Sangpumjoonggyo),M2M/VHF,전도형우설량계,경기도 여주시 산북면 상품1길 28 상품중학교,127-26-22,37-24-07 ,1998-03-01,125.5,한강홍수통제소,T,우수(B),F
10104010,2025,기후에너지환경부,한강,화천군(화천군청),Hwacheongun(Hwacheongunchung),VHF/M2M,전도형우설량계,강원특별자치도 화천군 화천읍 화천새싹길 45 화천군청,127-42-30,38-06-21,1916-01-01,112.8,한강홍수통제소,T,우수(B),F
10104020,2025,기후에너지환경부,한강,화천군(다목초교),Hwacheongun(Damokchogyo),VHF/M2M,전도형우설량계,강원특별자치도 화천군 상서면 다파로 9-4 다목초등학교,127-32-10,38-10-33 ,1962-07-01,435.2,한강홍수통제소,T,보통(C),F
10104030,2025,기후에너지환경부,한강,양구군(방산초교),Yanggugun(Bangsanchogyo),M2M/Inmarset,전도형우설량계,강원특별자치도 양구군 방산면 평화로 5121-7 방산초등학교,127-56-35,38-12-37 ,1962-07-01,253.8,한강홍수통제소,T,우수(B),F
10104040,2025,기후에너지환경부,한강,화천군(명월리),Hwacheongun(Myeongwallri),VHF/M2M,전도형우설량계,강원특별자치도 화천군 사내면 명월리 221-2,127-31-51,38-07-31,1962-09-01,408.5,한강홍수통제소,T,우수(B),F
10104050,2025,기후에너지환경부,한강,화천군(화천댐),Hwacheongun(Hwacheondam),VHF/M2M,전도형우설량계,강원특별자치도 화천군 간동면 구만리 화천댐,127-46-38,38-07-03,1974-07-01,190.1,한강홍수통제소,T,우수(B),F
10104060,2025,기후에너지환경부,한강,양구군(금악리),Yanggugun(Geumakri),M2M/Inmarset,전도형우설량계,강원특별자치도 양구군 방산면 금악리 484-4,127-55-53,38-11-36 ,1998-01-01,241.2,한강홍수통제소,T,우수(B),F
10104070,2025,기후에너지환경부,한강,춘천시(지촌초교),Chuncheonsi(Jichonchogyo),VHF/M2M,전도형우설량계,강원특별자치도 춘천시 사북면 지촌길 130 지촌초등학교,127-38-43,38-02-15,1998-04-01,119.1,한강홍수통제소,T,우수(B),F
10104080,2025,기후에너지환경부,한강,화천군(상승초교),Hwacheongun(Sangseungchogyo),VHF/M2M,전도형우설량계,강원특별자치도 화천군 상서면 평촌길 126-30 상승초등학교,127-38-58,38-09-29,1998-07-01,172.7,한강홍수통제소,T,우수(B),F
10114050,2025,기후에너지환경부,한강,인제군(백담산장),Injegun(Baekdamsanjang),M2M/Inmarset,전도형우설량계,강원특별자치도 인제군 북면 백담로 805 백담산장,128-22-31,38-09-35 ,1983-07-01,480.4,한강홍수통제소,T,우수(B),F
10124020,2025,기후에너지환경부,한강,인제군(신남중교),Injegun(Sinnamjoonggyo),VHF/M2M,전도형우설량계,강원특별자치도 인제군 남면 신남로 47-35 신남중학교,128-04-50,37-58-16 ,1962-07-01,224,한강홍수통제소,T,우수(B),F
10124110,2025,기후에너지환경부,한강,인제군(진동리),Injegun(Jindongri),M2M/Inmarset,전도형우설량계,강원특별자치도 인제군 기린면 진동리 649-1,128-24-46,37-57-52 ,1983-07-01,414.6,한강홍수통제소,T,우수(B),F
10124120,2025,기후에너지환경부,한강,홍천군(명개리),Hongcheongun(Myeonggaeri),Inmarset/M2M,전도형우설량계,강원특별자치도 홍천군 내면 명개리 163-3,128-30-12,37-50-60 ,1983-07-01,634.6,한강홍수통제소,T,우수(B),F
10124170,2025,기후에너지환경부,한강,춘천시(천전리),Chuncheonsi(Cheonjeonri),VHF/M2M,전도형우설량계,강원특별자치도 춘천시 동면 지내리 윗샘밭교,127-47-23,37-55-49 ,1998-01-01,84,한강홍수통제소,T,우수(B),F
10134010,2025,기후에너지환경부,한강,춘천시(소양2교),Chuncheonsi(Soyang2gyo),VHF/M2M,전도형우설량계,강원특별자치도 춘천시 근화동 소양2교,127-43-21,37-53-35 ,1913-01-01,80,한강홍수통제소,T,우수(B),F
10134020,2025,기후에너지환경부,한강,가평군(가평교),Gapyeong2,VHF/M2M,전도형우설량계,경기도 가평군 가평읍 읍내리 가평교,127-31-05,37-49-53 ,1982-08-01,63.5,한강홍수통제소,T,우수(B),F
10134030,2025,기후에너지환경부,한강,가평군(화악교),Gapyeonggun(Hwaakgyo),VHF/M2M,전도형우설량계,경기도 가평군 북면 소법리 화악교,127-33-58,37-55-17 ,1989-07-01,144.2,한강홍수통제소,T,우수(B),F
10144010,2025,기후에너지환경부,한강,홍천군(홍천농고),Hongcheongun(Hongcheonnonggo),VHF/M2M,전도형우설량계,강원특별자치도 홍천군 홍천읍 홍천로 678-15 홍천농업고등학교,127-54-36,37-42-22 ,1916-01-01,138.5,한강홍수통제소,T,우수(B),F
10144020,2025,기후에너지환경부,한강,홍천군(서석면사무소),Hongcheongun(Seoseokmyeonsamuso),VHF/M2M,전도형우설량계,강원특별자치도 홍천군 서석면 풍암길 10 서석면사무소,128-11-11,37-42-49 ,1960-08-01,327.6,한강홍수통제소,T,우수(B),F
10144040,2025,기후에너지환경부,한강,홍천군(내촌면사무소),Hongcheongun(Naechonmyeonsamuso),VHF/M2M,전도형우설량계,강원특별자치도 홍천군 내촌면 내촌길 27 내촌면사무소,128-05-13,37-48-59 ,1963-05-01,223,한강홍수통제소,T,우수(B),F
10144050,2025,기후에너지환경부,한강,홍천군(반곡교),Hongcheongun(Bangokgyo),VHF/M2M,전도형우설량계,강원특별자치도 홍천군 서면 반곡리 반곡교,127-40-14,37-41-37 ,1966-09-01,80.9,한강홍수통제소,T,우수(B),F
10144060,2025,기후에너지환경부,한강,홍천군(매산초교),Hongcheongun(Maesanchogyo),VHF/M2M,전도형우설량계,강원특별자치도 홍천군 남면 시동안로 351 매산초등학교,127-50-43,37-35-28 ,1996-12-01,221.7,한강홍수통제소,T,우수(B),F
10144070,2025,기후에너지환경부,한강,홍천군(삼포초교),Hongcheongun(Sampochogyo),VHF/M2M,전도형우설량계,강원특별자치도 홍천군 화촌면 구룡령로 339 삼포초등학교,127-58-35,37-45-23 ,1996-12-01,156.9,한강홍수통제소,T,우수(B),F
10144080,2025,기후에너지환경부,한강,홍천군(노천초교),Hongcheongun(Nocheonchogyo),VHF/M2M,전도형우설량계,강원특별자치도 홍천군 동면 공작산로 1220 노천초등학교,128-00-54,37-40-05 ,1996-12-01,271.3,한강홍수통제소,T,우수(B),F
10144090,2025,기후에너지환경부,한강,홍천군(북방리),Hongcheongun(Bukbangri),Inmarset/M2M,전도형우설량계,강원특별자치도 홍천군 북방면 북방리 826,127-50-58,37-48-56 ,1998-03-01,318.8,한강홍수통제소,T,우수(B),F
10144100,2025,기후에너지환경부,한강,홍천군(두촌중교),Hongcheongun(Duchonjoonggyo),VHF/M2M,전도형우설량계,강원특별자치도 홍천군 두촌면 증골길 61 두촌중학교,128-01-34,37-52-19 ,1998-03-01,225.1,한강홍수통제소,T,우수(B),F
10154010,2025,기후에너지환경부,한강,가평군(하면사무소),Gapyeonggun(Hamyeonsamuso),VHF/M2M,전도형우설량계,경기도 가평군 조종면 조종내길 71 조종면행정복지센터,127-21-13,37-49-04 ,1960-07-01,126.8,한강홍수통제소,T,우수(B),F
10154020,2025,기후에너지환경부,한강,가평군(신청평대교),Gapyeonggun(Daeseongri),VHF/M2M,전도형우설량계,경기도 가평군 청평면 삼회리 산90 신청평대교인근,127-24-37,37-43-05 ,1974-07-01,41.5,한강홍수통제소,T,우수(B),F
10154030,2025,기후에너지환경부,한강,가평군(중미산),Gapyeonggun(Joongmisan),VHF/M2M,전도형우설량계,경기도 가평군 설악면 가일리 산 65-37 중미산고개,127-28-38,37-35-34 ,1996-12-01,494.4,한강홍수통제소,T,우수(B),F
10164010,2025,기후에너지환경부,한강,광주시(광주시청),Gwangjusi(Gwangjusichung),VHF/M2M,전도형우설량계,경기도 광주시 행정타운로 50 광주시청,127-15-17,37-25-46 ,1916-01-01,122.2,한강홍수통제소,T,우수(B),F
10164020,2025,기후에너지환경부,한강,광주시(남한산초교),Gwangjusi(Namhansanchogyo),M2M/VHF,전도형우설량계,경기도 광주시 중부면 남한산성로 770 남한산초등학교,127-11-08,37-28-42 ,1962-07-01,330.4,한강홍수통제소,T,우수(B),F
10164030,2025,기후에너지환경부,한강,용인시(포곡초교),Yonginsi(Pogokchogyo),VHF/M2M,전도형우설량계,경기도 용인시 처인구 포곡읍 부곡로 24 포곡초등학교,127-13-11,37-16-52 ,1967-01-01,80.8,한강홍수통제소,T,우수(B),F
10164040,2025,기후에너지환경부,한강,용인시(운학초교),Yonginsi(Unhakchogyo),VHF/M2M,전도형우설량계,경기도 용인시 처인구 동부로 465번길 7 운학초등학교,127-14-43,37-12-10,1967-01-01,124.6,한강홍수통제소,T,우수(B),F
10164050,2025,기후에너지환경부,한강,용인시(모현면사무소),Yonginsi(Mohyeonmyeonsamuso),VHF/M2M,전도형우설량계,경기도 용인시 처인구 모현면 독점로 31-6 모현읍행정복지센터,127-14-34,37-19-48 ,1967-01-01,64.5,한강홍수통제소,T,우수(B),F
10164060,2025,기후에너지환경부,한강,용인시(용동중교),Yonginsi(Yongdongjoonggyo),VHF/M2M,전도형우설량계,경기도 용인시 처인구 양지면 남곡로 26 용동중학교,127-17-02,37-13-53 ,1967-01-01,133,한강홍수통제소,T,우수(B),F
10164070,2025,기후에너지환경부,한강,용인시(역삼동주민센터),Yonginsi(Yeoksamdongjumincenter),VHF/M2M,전도형우설량계,경기도 용인시 처인구 명지로 16 역삼동행정복지센터,127-11-18,37-14-04 ,1974-07-04,114.8,한강홍수통제소,T,우수(B),F
10164080,2025,기후에너지환경부,한강,광주시(경안교),Gwangjusi(Gyeongangyo),VHF/M2M,전도형우설량계,경기도 광주시 쌍령동 경안교,127-15-47,37-24-24 ,1989-07-01,48.2,한강홍수통제소,T,우수(B),F
10174020,2025,기후에너지환경부,한강,남양주시(팔당댐),Namyangjusi(Paldangdam),VHF/M2M,전도형우설량계,경기도 남양주시 조안면 다산로 320 팔당댐,127-17-00,37-31-38 ,1962-07-01,59.8,한강홍수통제소,T,우수(B),F
10184010,2025,기후에너지환경부,중랑천,의정부시(중앙초교),Uijeongbusi(Joongangchogyo),VHF/M2M,전도형우설량계,경기도 의정부시 호국로 1291번길 17 중앙초등학교,127-02-47,37-44-41 ,1916-01-01,81.8,한강홍수통제소,T,우수(B),F
10184020,2025,기후에너지환경부,한강,포천시(내촌면사무소),Pocheonsi(Naechonmyeonsamuso),VHF/M2M,전도형우설량계,경기도 포천시 내촌면 내촌로 70 내촌면행정복지센터,127-13-42,37-47-10 ,1962-05-01,122.3,한강홍수통제소,T,우수(B),F
10184040,2025,기후에너지환경부,탄천,성남시(한국학중앙연구원),Seongnamsi(Hankookhackjoongangyeonguwon),VHF/M2M,전도형우설량계,경기도 성남시 분당구 하오개로 323 한국학중앙연구원,127-03-03,37-23-34 ,1962-07-01,140.6,한강홍수통제소,T,우수(B),F
10184060,2025,기후에너지환경부,왕숙천,남양주시(금곡초교),Namyangjusi(Geumgokchogyo),VHF/M2M,전도형우설량계,경기도 남양주시 경춘로 995번길 7 금곡초등학교,127-12-41,37-38-09 ,1966-09-01,70.4,한강홍수통제소,T,우수(B),F
10184080,2025,기후에너지환경부,안양천,서울시(구로구청),Seoul(Guroguchung),VHF/M2M,전도형우설량계,서울특별시 구로구 가마산로 245 구로구청,126-53-11,37-29-42 ,1984-04-01,36.8,한강홍수통제소,T,우수(B),F
10184090,2025,기후에너지환경부,안양천,안양시(충훈1교),Anyangsi(Chunghoon1gyo),VHF/M2M,전도형우설량계,경기도 안양시 만안구 박달동 충훈1교,126-54-11,37-24-17 ,1984-04-01,26.9,한강홍수통제소,T,우수(B),F
10184100,2025,기후에너지환경부,탄천,서울시(대곡교),Seoul(Daegokgyo),VHF/M2M,전도형우설량계,서울특별시 강남구 세곡동 대곡교,127-07-21,37-28-08 ,1984-04-01,23.8,한강홍수통제소,T,우수(B),F
10184110,2025,기후에너지환경부,왕숙천,남양주시(진관교),Namyangjusi(Jingwangyo),VHF/M2M,전도형우설량계,경기도 남양주시 퇴계원면 퇴계원리 진관교,127-09-07,37-39-00 ,1984-04-01,33.7,한강홍수통제소,T,우수(B),F
10184120,2025,기후에너지환경부,왕숙천,포천시(진목리),Pocheonsi(Jinmokri),VHF/M2M,전도형우설량계,경기도 포천시 내촌면 진목리 638-3,127-12-41,37-47-28 ,1984-04-01,109.3,한강홍수통제소,T,우수(B),F
10184125,2025,기후에너지환경부,중랑천,의정부시(도봉차량기지),Uijeongbusi(Dobongcharyanggiji),VHF/M2M,전도형우설량계,경기도 의정부시 장암동 163-3 도봉차량기지,127-03-07,37-42-09 ,2002-10-16,61,한강홍수통제소,T,우수(B),F
10184130,2025,기후에너지환경부,탄천,성남시(대장동),Seongnamsi(Daejangdong),VHF/M2M,전도형우설량계,경기도 성남시 분당구 대장동 310,127-04-11,37-21-36 ,2002-02-01,103.78,한강홍수통제소,T,우수(B),F
10184140,2025,기후에너지환경부,중랑천,서울시(송정동),Seoul(Songjeongdong),VHF/M2M,전도형우설량계,서울특별시 성동구 송정동 75-30,127-03-20,37-33-08 ,2002-03-01,42.8,한강홍수통제소,T,우수(B),F
10184150,2025,기후에너지환경부,탄천,과천시(한국수자원공사),Gwacheonsi(Hankooksujawongongsa),VHF/M2M,전도형우설량계,경기도 과천시 교육원로 11 한국수자원공사 수도권지역본부,126-59-14,37-25-25 ,2002-10-01,52.6,한강홍수통제소,T,보통(C),F
10184160,2025,기후에너지환경부,안양천,부천시(부안초교),Bucheonsi(Buanchogyo),VHF/M2M,전도형우설량계,경기도 부천시 소사구 경인로 484번길 75 부안초등학교,126-48-42,37-28-48 ,2002-10-01,63.3,한강홍수통제소,T,우수(B),F
10184170,2025,기후에너지환경부,안양천,군포시(군포1동주민센터),Gunposi(Gunpo1dongjumincenter),VHF/M2M,전도형우설량계,경기도 군포시 군포로 531 군포1동 행정복지센터,126-56-44,37-21-14 ,2002-10-01,72.5,한강홍수통제소,T,우수(B),F
10184180,2025,기후에너지환경부,탄천,성남시(성남북초교),Seongnamsi(Seongnambookchogyo),VHF/M2M,전도형우설량계,경기도 성남시 수정구 희망로 534번길 3 성남북초등학교,127-09-04,37-27-05 ,2002-10-01,112.1,한강홍수통제소,T,우수(B),F
10184190,2025,기후에너지환경부,중랑천,서울시(동막골주차장),Seoul(Dongmakgoljuchajang),VHF/M2M,전도형우설량계,서울특별시 노원구 덕릉로 897 동막골 주차장,127-05-09,37-40-29 ,2002-10-01,92.7,한강홍수통제소,T,우수(B),F
10184200,2025,기후에너지환경부,중랑천,서울시(월계2교),Seoul(Wallgae2gyo),VHF/M2M,전도형우설량계,서울특별시 노원구 월계동 월계2교,127-03-00,37-37-27 ,2002-10-01,49.9,한강홍수통제소,T,우수(B),F
10184210,2025,기후에너지환경부,안양천,의왕시(포일동),Anyangsi(Indukwonchogyo),VHF/M2M,전도형우설량계,경기도 의왕시 포일동 157,126-59-17,37-23-20 ,2002-10-01,53.62,한강홍수통제소,T,우수(B),F
10184220,2025,기후에너지환경부,왕숙천,남양주시(진접읍사무소),Namyangjusi(Jinjeopeupsamuso),VHF/M2M,전도형우설량계,경기도 남양주시 진접읍 금강로 1509-26 진접읍행정복지센터,127-11-24,37-43-34 ,2002-10-01,80.5,한강홍수통제소,T,우수(B),F
10184230,2025,기후에너지환경부,탄천,성남시(구미초교),Seongnamsi(Gumichogyo),VHF/M2M,전도형우설량계,경기도 성남시 분당구 미금로 22번길 25 구미초등학교,127-07-04,37-20-16 ,2002-10-16,81.9,한강홍수통제소,T,우수(B),F
10194010,2025,기후에너지환경부,한강,김포시(김포시청),Gimposi(Gimposichung),VHF/M2M,전도형우설량계,경기도 김포시 사우중로 1 김포시청,126-42-56,37-36-55 ,1962-07-01,65.3,한강홍수통제소,T,우수(B),F
10204010,2025,기후에너지환경부,임진강,연천군(고문분교),Yeoncheongun(Gomunbungyo),VHF/M2M,전도형우설량계,경기도 연천군 연천읍 현문로 459 고문분교,127-06-47,38-03-55 ,2001-10-06,124.8,한강홍수통제소,T,우수(B),F
10204020,2025,기후에너지환경부,임진강,연천군(상리초교),Yeoncheongun(Sangrichogyo),Inmarset/M2M,전도형우설량계,경기도 연천군 연천읍 상리로 70 상리초등학교,127-04-31,38-08-07,2001-10-06,121.1,한강홍수통제소,T,우수(B),F
10214010,2025,기후에너지환경부,임진강,연천군(임진교),Yeoncheongun(Imjingyo),VHF/M2M,전도형우설량계,경기도 연천군 군남면 진상리 임진교,127-01-03,38-03-23,2000-07-01,61.9,한강홍수통제소,T,우수(B),F
10224010,2025,기후에너지환경부,임진강,포천시(용담교),Pocheonsi(Naengjungri),VHF/M2M,전도형우설량계,경기도 포천시 영북면 자일리 용담교,127-16-19,38-07-26,2000-07-01,137,한강홍수통제소,T,우수(B),F
10224020,2025,기후에너지환경부,임진강,포천시(영송리),Pocheonsi(Yeongpyeongyo),VHF/M2M,전도형우설량계,경기도 포천시 영중면 영송리 549-6,127-12-59,38-00-34 ,2000-07-01,68,한강홍수통제소,T,우수(B),F
10224030,2025,기후에너지환경부,임진강,철원군(청양리),Cheorwongun(Cheorwoncheongyangchogyo),VHF/M2M,전도형우설량계,강원특별자치도 철원군 김화읍 청양로 320 홍천국토관리사무소 건물,127-22-22,38-14-33 ,2000-07-01,214.3,한강홍수통제소,T,우수(B),F
10224040,2025,기후에너지환경부,임진강,포천시(노곡리),Pocheonsi(Nogokri),VHF/M2M,전도형우설량계,경기도 포천시 이동면 노곡리 566-1,127-20-29,38-00-33 ,2001-10-06,123.5,한강홍수통제소,T,우수(B),F
10224050,2025,기후에너지환경부,임진강,양주시(봉암초교),Yangjusi(Bongamchogyo),VHF/M2M,전도형우설량계,경기도 양주시 은현면 삼육사로 473 봉암초등학교,127-00-21,37-54-39 ,2001-10-06,100.5,한강홍수통제소,T,우수(B),F
10224060,2025,기후에너지환경부,임진강,포천시(포천삼정초교),Pocheonsi(Samjeongchogyo),VHF/M2M,전도형우설량계,경기도 포천시 신북면 청신로 947번길 17 삼정초등학교,127-07-53,37-57-50 ,2001-10-06,133.5,한강홍수통제소,T,우수(B),F
10224070,2025,기후에너지환경부,임진강,포천시(송우초교),Pocheonsi(Songwuchogyo),M2M/Inmarset,전도형우설량계,경기도 포천시 소홀읍 송우로 42 송우초등학교,127-08-37,37-49-48 ,2001-10-06,139.2,한강홍수통제소,T,우수(B),F
10224080,2025,기후에너지환경부,임진강,철원군(오덕초교),Cheorwongun(Odeokchogyo),VHF/M2M,전도형우설량계,강원특별자치도 철원군 동송읍 오덕로 159 오덕초등학교,127-14-01,38-13-26 ,2001-10-06,193.3,한강홍수통제소,T,우수(B),F
10224090,2025,기후에너지환경부,임진강,포천시(화현초교),Pocheonsi(Hwahyeonchogyo),VHF/M2M,전도형우설량계,경기도 포천시 화현면 지현리 119-1,127-16-40,37-54-01 ,2001-10-06,143.4,한강홍수통제소,T,우수(B),F
10224100,2025,기후에너지환경부,임진강,철원군(서면초교),Cheorwongun(Seomyeonchocho),VHF/M2M,전도형우설량계,강원특별자치도 철원군 서면 자등로 634 서면초등학교,127-25-01,38-10-09,2001-10-06,287.3,한강홍수통제소,T,우수(B),F
10234010,2025,기후에너지환경부,임진강,파주시(통일대교),Pajusi(Tongildaegyo),Inmarset/M2M,전도형우설량계,경기도 파주시 문산읍 마정리 598-18,126-44-47,37-53-56 ,2000-07-01,16.1,한강홍수통제소,T,우수(B),F
10234020,2025,기후에너지환경부,임진강,파주시(법원리),Pajusi(Beobwonchogyo),VHF/M2M,전도형우설량계,경기도 파주시 법원읍 술이홀로 970-9 법원읍행정복지센터,126-52-48,37-51-24 ,2001-10-06,95.9,한강홍수통제소,T,우수(B),F
10234030,2025,기후에너지환경부,임진강,파주시(신산초교),Pajusi(Sinsanchogyo),M2M/VHF,전도형우설량계,경기도 파주시 광탄면 심궁로 13 신산초등학교,126-51-07,37-46-50 ,2001-10-06,69.5,한강홍수통제소,T,우수(B),F
10234040,2025,기후에너지환경부,임진강,파주시(용연초교),Pajusi(Yongyeonchogyo),VHF/M2M,전도형우설량계,경기도 파주시 파평면 청송로 402번길 31 용연초등학교,126-51-28,37-55-43 ,2001-10-06,48.5,한강홍수통제소,T,우수(B),F
11014010,2025,기후에너지환경부,안성천,평택시(진위면사무소),Pyeongtaeksi(Jinwimyeonsamuso),VHF/M2M,전도형우설량계,경기도 평택시 진위면 봉남길 61 진위면행정복지센터,127-05-26,37-06-00 ,1919-07-01,31.4,한강홍수통제소,T,우수(B),F
11014020,2025,기후에너지환경부,안성천,안성시(안성시청),Anseongsi(Anseongsichung),Inmarset/M2M,전도형우설량계,경기도 안성시 시청길 25 안성시청,127-16-43,37-00-29 ,1927-01-01,65.2,한강홍수통제소,T,우수(B),F
11014030,2025,기후에너지환경부,안성천,용인시(원삼면사무소),Yonginsi(Wonsamjoonggyo),VHF/M2M,전도형우설량계,경기도 용인시 처인구 원삼면 원양로 64 원삼면행정복지센터,127-18-46,37-09-58 ,1962-07-01,106.9,한강홍수통제소,T,우수(B),F
11014040,2025,기후에너지환경부,안성천,화성시(양감면사무소),Hwaseongsi(Yanggam119jiyeokdae),VHF/M2M,전도형우설량계,경기도 화성시 양감면 초록로 7 양감행정복지센터,126-56-46,37-04-57 ,1968-07-01,29.6,한강홍수통제소,T,우수(B),F
11014050,2025,기후에너지환경부,안성천,천안시(대홍초교),Cheonansi(Daeheungchogyo),VHF/M2M,전도형우설량계,충청남도 천안시 서북구 성환읍 잠실길 4 대흥초등학교,127-08-54,36-56-59 ,1968-07-01,24.8,한강홍수통제소,T,우수(B),F
11014060,2025,기후에너지환경부,안성천,화성시(수원대학교),Hwaseongsi(Suwondaehackgyo),VHF/M2M,전도형우설량계,경기도 화성시 봉담읍 와우안길 17 수원대학교(IT대학),126-58-30,37-12-36 ,1996-09-01,78.1,한강홍수통제소,T,우수(B),F
11014070,2025,기후에너지환경부,안성천,평택시(회화리),Pyeongtaeksi(Hoehwari),VHF/M2M,전도형우설량계,경기도 평택시 서탄면 회화리 388,127-01-44,37-05-46 ,1996-09-01,16.9,한강홍수통제소,T,우수(B),F
11014080,2025,기후에너지환경부,안성천,평택시(군문교),Pyeongtaeksi(Gunmoongyo),VHF/M2M,전도형우설량계,경기도 평택시 군문동 군문교,127-04-48,36-59-01 ,1996-09-01,17.6,한강홍수통제소,T,우수(B),F
11014090,2025,기후에너지환경부,안성천,용인시(신갈저수지),Yonginsi(Singalgersugi),VHF/M2M,전도형우설량계,경기도 용인시 기흥구 고매동 산 87-1 신갈저수지 제방,127-05-38,37-13-34 ,1996-09-01,57.6,한강홍수통제소,T,우수(B),F
11014100,2025,기후에너지환경부,안성천,용인시(이동면사무소),Yonginsi(Idongmyeonsamuso),VHF/M2M,전도형우설량계,경기도 용인시 처인구 이동면 경기동로 673 이동읍행정복지센터,127-11-46,37-08-28,1996-09-01,61.2,한강홍수통제소,T,우수(B),F
11014110,2025,기후에너지환경부,안성천,천안시(성거읍사무소),Cheonansi(Seonggereupsamuso),VHF/M2M,전도형우설량계,충청남도 천안시 서북구 성거읍 봉주로 469 성거읍행정복지센터,127-11-57,36-52-41 ,1996-09-01,60.3,한강홍수통제소,T,우수(B),F
11014120,2025,기후에너지환경부,안성천,안성시(삼암리),Anseongsi(Samamri),VHF/M2M,전도형우설량계,경기도 안성시 양성면 삼암리 195-5,127-12-13,37-01-45 ,1996-09-01,42.1,한강홍수통제소,T,우수(B),F
11014130,2025,기후에너지환경부,안성천,안성시(안성서운중교),Anseongsi(Anseongseounjoonggyo),VHF/M2M,전도형우설량계,경기도 안성시 서운면 바우덕이로 2 안성서운중학교,127-15-47,36-56-41 ,1996-09-01,55.6,한강홍수통제소,T,우수(B),F
11014140,2025,기후에너지환경부,임진강,파주시(적암초교),Pajusi(Jeokamchogyo),VHF/M2M,전도형우설량계,경기도 파주시 적성면 율곡로 3042 적암초등학교,127-00-15,37-59-16 ,2000-07-01,55.5,한강홍수통제소,T,우수(B),F
12024010,2025,기후에너지환경부,반월천,안산시(안산호동초교),Ansansi(Ansanhodongchogyo),VHF/M2M,전도형우설량계,경기도 안산시 상록구 성호로 70 안산호동초등학교,126-51-54,37-18-46 ,1978-01-01,41.3,한강홍수통제소,T,우수(B),F
12024020,2025,기후에너지환경부,반월천,안산시(장상동),Ansansi(Jangsangdong),VHF/M2M,전도형우설량계,경기도 안산시 상록구 장상동 523,126-52-51,37-21-04 ,1978-01-01,64.3,한강홍수통제소,T,우수(B),F
13014010,2025,기후에너지환경부,양양남대천,양양군(갈천리),Yangyanggun(Galcheonri),Inmarset/M2M,전도형우설량계,강원특별자치도 양양군 서면 갈천리 126,128-30-14,37-54-30 ,1983-07-01,367.2,한강홍수통제소,T,우수(B),F
13014020,2025,기후에너지환경부,양양남대천,인제군(한계령),Injegun(Hangyeryoeng),M2M/VHF,전도형우설량계,강원특별자치도 인제군 한계리 산 1-2 한계령 (한계령휴게소 인근),128-24-18,38-05-52 ,1983-08-01,913.6,한강홍수통제소,T,우수(B),F
13024010,2025,기후에너지환경부,연곡천,강릉시(소금강분소),Gangryungsi(Sogeumgangbunso),M2M/Inmarset,전도형우설량계,강원특별자치도 강릉시 연곡면 삼산리 159-2,128-42-45,37-49-21 ,1983-07-01,193.5,한강홍수통제소,T,우수(B),F
13034010,2025,기후에너지환경부,삼척오십천,삼척시(심포리),Samcheoksi(Simpochogyo),VHF/M2M,전도형우설량계,강원특별자치도 삼척시 도계읍 심포리 267-5,129-01-59,37-11-40 ,1983-07-01,420.6,한강홍수통제소,T,우수(B),F
