source_organization,source_system,source_page_title,source_url,retrieval_time_utc,request_parameters,saved_as,http_status,sha256,bytes,collection_note,result
법제처,국가법령정보 공동활용 DRF lawSearch,행정규칙 검색(연계운영규정) nw=1,http://www.law.go.kr/DRF/lawSearch.do?OC=test&target=admrul&type=XML&query=%EB%8C%90%EA%B3%BC%20%EB%B3%B4%20%EB%93%B1%EC%9D%98%20%EC%97%B0%EA%B3%84%EC%9A%B4%EC%98%81%EA%B7%9C%EC%A0%95&nw=1&display=100,2026-10-01T13:46:17Z,target=admrul;query=댐과 보 등의 연계운영규정;nw=1,01_raw/Law_history/search_admrul_연계운영규정_nw1.xml,200,abe1d56aa05e70c1861167b95dffa8ceff10698985a237a0c4858364e54b8ee8,1054,연혁 탐색,OK
법제처,국가법령정보 공동활용 DRF lawSearch,행정규칙 검색(연계운영규정) nw=2,http://www.law.go.kr/DRF/lawSearch.do?OC=test&target=admrul&type=XML&query=%EB%8C%90%EA%B3%BC%20%EB%B3%B4%20%EB%93%B1%EC%9D%98%20%EC%97%B0%EA%B3%84%EC%9A%B4%EC%98%81%EA%B7%9C%EC%A0%95&nw=2&display=100,2026-10-01T13:46:17Z,target=admrul;query=댐과 보 등의 연계운영규정;nw=2,01_raw/Law_history/search_admrul_연계운영규정_nw2.xml,200,89964af5a101534959eb79aa034753941efab452a1ba3e0956ececf6d96db7d5,7079,연혁 탐색,OK
법제처,DRF lawSearch,행정규칙 연혁 탐색,http://www.law.go.kr/DRF/lawSearch.do?OC=test&target=admrul&type=XML&query=%EC%97%B0%EA%B3%84%EC%9A%B4%EC%98%81&display=100&nw=1,2026-10-01T13:46:32Z,target=admrul&type=XML&query=%EC%97%B0%EA%B3%84%EC%9A%B4%EC%98%81&display=100&nw=1,01_raw/Law_history/probe_q_연계운영.xml,200,4823abb407211482f2d8b49663383c5c144481d241534036318ac3a46988be32,3363,,OK
법제처,DRF lawSearch,행정규칙 연혁 탐색,http://www.law.go.kr/DRF/lawSearch.do?OC=test&target=admrul&type=XML&query=%EC%97%B0%EA%B3%84%EC%9A%B4%EC%98%81&display=100&nw=2,2026-10-01T13:46:33Z,target=admrul&type=XML&query=%EC%97%B0%EA%B3%84%EC%9A%B4%EC%98%81&display=100&nw=2,01_raw/Law_history/probe_q_연계운영_nw2.xml,200,bac279afdb962958901f78b1e579e8d522f37f25031511ac0f6065df4300d55c,27176,,OK
법제처,DRF lawSearch,행정규칙 연혁 탐색,http://www.law.go.kr/DRF/lawSearch.do?OC=test&target=admrul&type=XML&query=%EB%8C%90%EA%B3%BC%20%EB%B3%B4&display=100&nw=1,2026-10-01T13:46:33Z,target=admrul&type=XML&query=%EB%8C%90%EA%B3%BC%20%EB%B3%B4&display=100&nw=1,01_raw/Law_history/probe_q_댐보.xml,200,e1e6f471d325b72f4d8cb1cb12df1f66082cbdb6359f9b8eba012a1014f887ea,1822,,OK
법제처,DRF lawSearch,행정규칙 연혁 탐색,http://www.law.go.kr/DRF/lawSearch.do?OC=test&target=admrul&type=XML&search=2&query=%EC%97%B0%EA%B3%84%EC%9A%B4%EC%98%81&display=100&nw=1,2026-10-01T13:46:35Z,target=admrul&type=XML&search=2&query=%EC%97%B0%EA%B3%84%EC%9A%B4%EC%98%81&display=100&nw=1,01_raw/Law_history/probe_q_연계운영_body.xml,200,0bdd6412e05d748649d7fd744fd9a855367a00ece148df0700310cd5ce455a77,77035,,OK
법제처,DRF lawSearch,행정규칙 연혁 탐색,http://www.law.go.kr/DRF/lawSearch.do?OC=test&target=admrul&type=XML&query=%EC%97%B0%EA%B3%84%EC%9A%B4%EC%98%81&display=100&nw=1&ancYd=20240229~20240229,2026-10-01T13:46:35Z,target=admrul&type=XML&query=%EC%97%B0%EA%B3%84%EC%9A%B4%EC%98%81&display=100&nw=1&ancYd=20240229~20240229,01_raw/Law_history/probe_q_date2024.xml,200,4823abb407211482f2d8b49663383c5c144481d241534036318ac3a46988be32,3363,,OK
법제처,DRF lawSearch,"행정규칙 연혁 목록 (댐과 보 등의 연계운영규정, nw=2)",http://www.law.go.kr/DRF/lawSearch.do?OC=test&target=admrul&type=XML&query=%EB%8C%90%EA%B3%BC%20%EB%B3%B4%20%EB%93%B1%EC%9D%98%20%EC%97%B0%EA%B3%84%EC%9A%B4%EC%98%81%EA%B7%9C%EC%A0%95&display=100&nw=2,2026-10-01T13:46:42Z,nw=2;query=댐과 보 등의 연계운영규정,01_raw/Law_history/search_admrul_연계운영규정_history_nw2.xml,200,89964af5a101534959eb79aa034753941efab452a1ba3e0956ececf6d96db7d5,7079,,OK
법제처,DRF lawService,"댐과 보 등의 연계운영규정 (발령 20111031 제9999호, 시행 20120101, 제정)",http://www.law.go.kr/DRF/lawService.do?OC=test&target=admrul&ID=2000000065655&type=XML,2026-10-01T13:46:48Z,target=admrul;ID=2000000065655;type=XML,01_raw/Law_history/admrul_2000000065655_댐과보등의연계운영규정_시행20120101.xml,200,e3c786c924b9cf2bd78de348f2210ecbc444a3ee6ccfcbebd7748b23f754039f,37701,행정규칙ID 41392 연혁본,OK
법제처,DRF lawService,"댐과 보 등의 연계운영규정 (발령 20121228 제948호, 시행 20130101, 폐지제정)",http://www.law.go.kr/DRF/lawService.do?OC=test&target=admrul&ID=2000000021948&type=XML,2026-10-01T13:46:49Z,target=admrul;ID=2000000021948;type=XML,01_raw/Law_history/admrul_2000000021948_댐과보등의연계운영규정_시행20130101.xml,200,d624155429299b9676878ac797276c5dfe945bd605b8d3e257572a95dde7b75c,17140,행정규칙ID 41392 연혁본,OK
법제처,DRF lawService,"댐과 보 등의 연계운영규정 (발령 20130417 제90호, 시행 20130417, 일부개정)",http://www.law.go.kr/DRF/lawService.do?OC=test&target=admrul&ID=2000000022931&type=XML,2026-10-01T13:46:50Z,target=admrul;ID=2000000022931;type=XML,01_raw/Law_history/admrul_2000000022931_댐과보등의연계운영규정_시행20130417.xml,200,1d7c1a623d9e34f5d120fc6b5da797e1eb478120dca71babc1e4105e08f617df,16812,행정규칙ID 41392 연혁본,OK
법제처,DRF lawService,"댐과 보 등의 연계운영규정 (발령 20160429 제706호, 시행 20160429, 일부개정)",http://www.law.go.kr/DRF/lawService.do?OC=test&target=admrul&ID=2100000045554&type=XML,2026-10-01T13:46:50Z,target=admrul;ID=2100000045554;type=XML,01_raw/Law_history/admrul_2100000045554_댐과보등의연계운영규정_시행20160429.xml,200,0e147929d920219ee6da6d693aa3d2195c1315e55c8dc7262727a88c13451d4d,23369,행정규칙ID 41392 연혁본,OK
법제처,DRF lawService,"댐과 보 등의 연계운영규정 (발령 20180629 제1348호, 시행 20180629, 제정)",http://www.law.go.kr/DRF/lawService.do?OC=test&target=admrul&ID=2100000134749&type=XML,2026-10-01T13:46:52Z,target=admrul;ID=2100000134749;type=XML,01_raw/Law_history/admrul_2100000134749_댐과보등의연계운영규정_시행20180629.xml,200,8f49042afbeddee8e484adeb4732642959b6c3a6b7d837e32b7cb18d90bca8c2,44361,행정규칙ID 41392 연혁본,OK
법제처,DRF lawService,"댐과 보 등의 연계운영규정 (발령 20220706 제1555호, 시행 20220706, 일부개정)",http://www.law.go.kr/DRF/lawService.do?OC=test&target=admrul&ID=2100000212832&type=XML,2026-10-01T13:46:53Z,target=admrul;ID=2100000212832;type=XML,01_raw/Law_history/admrul_2100000212832_댐과보등의연계운영규정_시행20220706.xml,200,d4adb31d58c6d6f87b979a63879ca3e1d0dbe406ff09a4847b7e22fa9ad93257,44486,행정규칙ID 41392 연혁본,OK
법제처,DRF lawService,"댐과 보 등의 연계운영규정 (발령 20240229 제1627호, 시행 20240229, 일부개정)",http://www.law.go.kr/DRF/lawService.do?OC=test&target=admrul&ID=2100000237234&type=XML,2026-10-01T13:46:54Z,target=admrul;ID=2100000237234;type=XML,01_raw/Law_history/admrul_2100000237234_댐과보등의연계운영규정_시행20240229.xml,200,5c539e4b4dd5cf16bf7a71e0bb1a41c8fe4d6dfbfc0e4d520e6d25bfc40faa69,47785,행정규칙ID 41392 연혁본,OK
법제처,DRF lawService,"댐과 보 등의 연계운영규정 (발령 20251105 제4호, 시행 20251111, 일부개정)",http://www.law.go.kr/DRF/lawService.do?OC=test&target=admrul&ID=2100000267112&type=XML,2026-10-01T13:46:55Z,target=admrul;ID=2100000267112;type=XML,01_raw/Law_history/admrul_2100000267112_댐과보등의연계운영규정_시행20251111.xml,200,4322a2898de7c9c71b284493f789e5eec9fb87b8e8bfc7695d66aede2f8fa176,46306,행정규칙ID 41392 연혁본,OK
법제처,DRF lawService,"댐과 보 등의 연계운영규정 (발령 20260708 제42호, 시행 20260708, 일부개정)",http://www.law.go.kr/DRF/lawService.do?OC=test&target=admrul&ID=2100000282102&type=XML,2026-10-01T13:46:56Z,target=admrul;ID=2100000282102;type=XML,01_raw/Law_history/admrul_2100000282102_댐과보등의연계운영규정_시행20260708.xml,200,8ce5e1e198fb795afdc964057db922cf49b30e8d95dd36e47c45f8d7bbe9fe44,48146,행정규칙ID 41392 연혁본,OK
법제처,국가법령정보센터 첨부파일 다운로드,[별표3] 댐의 홍수기 제한수위 첨부(시행 20130101),https://www.law.go.kr/LSW/flDownload.do?flSeq=12672224,2026-10-01T13:48:03Z,flSeq=12672224,01_raw/Law_history/attachments/별표3_flSeq12672224_시행20130101.bin,200,814a75cbea5ce74e311668129a583f9dbb9a34cb4c6c1e031123150079aa89a1,32768,,OK
법제처,국가법령정보센터 첨부파일 다운로드,[별표3] 댐의 홍수기 제한수위 첨부(시행 20130417),https://www.law.go.kr/LSW/flDownload.do?flSeq=13938987,2026-10-01T13:48:05Z,flSeq=13938987,01_raw/Law_history/attachments/별표3_flSeq13938987_시행20130417.bin,200,f2fb64c6afe75c17eb557592a757f728f32780646ebebb4493592887c6761e8a,32768,,OK
법제처,국가법령정보센터 첨부파일 다운로드,[별표3] 댐의 홍수기 제한수위 첨부(시행 20160429),https://www.law.go.kr/LSW/flDownload.do?flSeq=24502710,2026-10-01T13:48:53Z,flSeq=24502710,01_raw/Law_history/attachments/별표3_flSeq24502710_시행20160429.bin,200,d274c5335e1039d7e9eff4115a253e2aa5df94e82bcaebba136696e3ada18632,32768,,OK
공공데이터포털,data.go.kr 데이터 검색,검색: 댐 방류 (ALL),https://www.data.go.kr/tcs/dss/selectDataSetList.do?keyword=%EB%8C%90%20%EB%B0%A9%EB%A5%98&currentPage=1&perPage=40,2026-10-01T13:49:53Z,keyword=%EB%8C%90%20%EB%B0%A9%EB%A5%98&currentPage=1&perPage=40,01_raw/DataGoKr/search/search_댐_방류_ALL.html,200,aa5bf84d7340a58ec7ec3cf9e980f9bf72c73aef4183d36c0d919b106a26f82b,481900,,OK
공공데이터포털,data.go.kr 데이터 검색,검색: 수문 조작 (ALL),https://www.data.go.kr/tcs/dss/selectDataSetList.do?keyword=%EC%88%98%EB%AC%B8%20%EC%A1%B0%EC%9E%91&currentPage=1&perPage=40,2026-10-01T13:49:56Z,keyword=%EC%88%98%EB%AC%B8%20%EC%A1%B0%EC%9E%91&currentPage=1&perPage=40,01_raw/DataGoKr/search/search_수문_조작_ALL.html,200,acf1fa996ecf57719f5b76aa61e105da3a6cc3c83b4463252d11f12975a2ba5c,435967,,OK
공공데이터포털,data.go.kr 데이터 검색,검색: 방류 통보 (ALL),https://www.data.go.kr/tcs/dss/selectDataSetList.do?keyword=%EB%B0%A9%EB%A5%98%20%ED%86%B5%EB%B3%B4&currentPage=1&perPage=40,2026-10-01T13:49:58Z,keyword=%EB%B0%A9%EB%A5%98%20%ED%86%B5%EB%B3%B4&currentPage=1&perPage=40,01_raw/DataGoKr/search/search_방류_통보_ALL.html,200,862cad6a664773d9f5edb40df290b053f8d9c34afa13d20ae546acc5678d90ce,426006,,OK
공공데이터포털,data.go.kr 데이터 검색,검색: 댐 운영 실적 (ALL),https://www.data.go.kr/tcs/dss/selectDataSetList.do?keyword=%EB%8C%90%20%EC%9A%B4%EC%98%81%20%EC%8B%A4%EC%A0%81&currentPage=1&perPage=40,2026-10-01T13:50:15Z,keyword=%EB%8C%90%20%EC%9A%B4%EC%98%81%20%EC%8B%A4%EC%A0%81&currentPage=1&perPage=40,01_raw/DataGoKr/search/search_댐_운영_실적_ALL.html,200,4c2d1806a61c78d671d811b6e282af25fc2001b1dd4f43beb6d0fa0fcd26cfb2,447392,,OK
공공데이터포털,data.go.kr 데이터 검색,검색: 수문 운영 (ALL),https://www.data.go.kr/tcs/dss/selectDataSetList.do?keyword=%EC%88%98%EB%AC%B8%20%EC%9A%B4%EC%98%81&currentPage=1&perPage=40,2026-10-01T13:50:19Z,keyword=%EC%88%98%EB%AC%B8%20%EC%9A%B4%EC%98%81&currentPage=1&perPage=40,01_raw/DataGoKr/search/search_수문_운영_ALL.html,200,d0a3d2a5039306d0caa90117a7b73c1cf98e5d54960abb0cf7a3f76cc9106df0,479976,,OK
공공데이터포털,data.go.kr 데이터 검색,검색: 방류 실적 (ALL),https://www.data.go.kr/tcs/dss/selectDataSetList.do?keyword=%EB%B0%A9%EB%A5%98%20%EC%8B%A4%EC%A0%81&currentPage=1&perPage=40,2026-10-01T13:50:21Z,keyword=%EB%B0%A9%EB%A5%98%20%EC%8B%A4%EC%A0%81&currentPage=1&perPage=40,01_raw/DataGoKr/search/search_방류_실적_ALL.html,200,6840b2c4d35ab1fab09f541dcddfb59ce452d976d5381944e1afe14663ae692d,453881,,OK
공공데이터포털,data.go.kr 카탈로그 페이지,dataset 15139712,https://www.data.go.kr/data/15139712/fileData.do,2026-10-01T13:50:33Z,,01_raw/DataGoKr/catalog_pages/15139712.html,200,9521eeb71fe1173373f3c0c5794a2e473245c8c017d87592ec02e58cc07d4c54,166136,,OK
공공데이터포털,data.go.kr 카탈로그 페이지,dataset 15117149,https://www.data.go.kr/data/15117149/fileData.do,2026-10-01T13:50:48Z,,01_raw/DataGoKr/catalog_pages/15117149.html,200,50e0e022ea220d0b9c1450843cbdb8e897f91cb6948ab2b37cb6f272a2a664df,212198,,OK
공공데이터포털,data.go.kr 카탈로그 페이지,dataset 15083335,https://www.data.go.kr/data/15083335/fileData.do,2026-10-01T13:50:51Z,,01_raw/DataGoKr/catalog_pages/15083335.html,200,2f4a82f527122cc5254f8f66815e30b8461b9ca836b85bd002a53c60539523fd,165598,,OK
한국수자원공사,공공데이터포털 파일데이터 15117149,한국수자원공사_섬진강댐 수문 개폐 정보_20230706,https://www.data.go.kr/cmm/cmm/fileDownload.do?atchFileId=FILE_000000003206482&fileDetailSn=1&insertDataPrcus=N,2026-10-01T13:51:24Z,참고용(한강수계 밖). 수문 개폐 기록 구조 확인 목적. 이용허락범위 제한 없음(페이지 표기),01_raw/DataGoKr/operation_candidates/15117149_섬진강댐_수문개폐정보.csv,200,19fee40fdc772b667b25c26df531d41fe7d60dde9d87b4a9ccf42575d8fcea68,853640,atchFileId=FILE_000000003206482&fileDetailSn=1,OK
공공데이터포털,data.go.kr 데이터 검색,검색: 수문 개폐 정보,https://www.data.go.kr/tcs/dss/selectDataSetList.do?keyword=%EC%88%98%EB%AC%B8%20%EA%B0%9C%ED%8F%90%20%EC%A0%95%EB%B3%B4&currentPage=1&perPage=40,2026-10-01T13:51:39Z,keyword=%EC%88%98%EB%AC%B8%20%EA%B0%9C%ED%8F%90%20%EC%A0%95%EB%B3%B4&currentPage=1&perPage=40,01_raw/DataGoKr/search/search_수문_개폐_정보_ALL.html,200,656f0103f6eeae19b8192a606f5ab74e6dda4a697bc329155dba048dc5a0b661,443102,,OK
공공데이터포털,data.go.kr 데이터 검색,검색: 충주댐,https://www.data.go.kr/tcs/dss/selectDataSetList.do?keyword=%EC%B6%A9%EC%A3%BC%EB%8C%90&currentPage=1&perPage=40,2026-10-01T13:51:41Z,keyword=%EC%B6%A9%EC%A3%BC%EB%8C%90&currentPage=1&perPage=40,01_raw/DataGoKr/search/search_충주댐_ALL.html,200,66b94d960f4459311fa14a757b109b313e1450e2a028b09751bbd788f7e2029c,481893,,OK
공공데이터포털,data.go.kr 데이터 검색,검색: 소양강댐,https://www.data.go.kr/tcs/dss/selectDataSetList.do?keyword=%EC%86%8C%EC%96%91%EA%B0%95%EB%8C%90&currentPage=1&perPage=40,2026-10-01T13:51:43Z,keyword=%EC%86%8C%EC%96%91%EA%B0%95%EB%8C%90&currentPage=1&perPage=40,01_raw/DataGoKr/search/search_소양강댐_ALL.html,200,32fc6fc64b27e15229200901ee76a98144f30fd1e454daa3a448246de2f4ded9,439474,,OK
공공데이터포털,data.go.kr 데이터 검색,검색: 횡성댐,https://www.data.go.kr/tcs/dss/selectDataSetList.do?keyword=%ED%9A%A1%EC%84%B1%EB%8C%90&currentPage=1&perPage=40,2026-10-01T13:51:45Z,keyword=%ED%9A%A1%EC%84%B1%EB%8C%90&currentPage=1&perPage=40,01_raw/DataGoKr/search/search_횡성댐_ALL.html,200,210262ad7d642127a80cb932d36d31cd36d3f37a44616c783b680224615e2d55,463503,,OK
공공데이터포털,data.go.kr 데이터 검색,검색: 댐 수문,https://www.data.go.kr/tcs/dss/selectDataSetList.do?keyword=%EB%8C%90%20%EC%88%98%EB%AC%B8&currentPage=1&perPage=40,2026-10-01T13:51:47Z,keyword=%EB%8C%90%20%EC%88%98%EB%AC%B8&currentPage=1&perPage=40,01_raw/DataGoKr/search/search_댐_수문_ALL.html,200,d2e0299476f60650fb74a5ba07a920293f1578f65fdc747838ffb98d88c549bf,480945,,OK
공공데이터포털,data.go.kr 데이터 검색,검색: 방류량 수문개폐,https://www.data.go.kr/tcs/dss/selectDataSetList.do?keyword=%EB%B0%A9%EB%A5%98%EB%9F%89%20%EC%88%98%EB%AC%B8%EA%B0%9C%ED%8F%90&currentPage=1&perPage=40,2026-10-01T13:52:19Z,keyword=%EB%B0%A9%EB%A5%98%EB%9F%89%20%EC%88%98%EB%AC%B8%EA%B0%9C%ED%8F%90&currentPage=1&perPage=40,01_raw/DataGoKr/search/search_방류량_수문개폐_ALL.html,200,1b6ec0e76e14e454e1ddb123f83f506a7c14751e7694a12714f893d71e7c54f1,436441,,OK
공공데이터포털,data.go.kr 데이터 검색,검색: 한강홍수통제소 댐,https://www.data.go.kr/tcs/dss/selectDataSetList.do?keyword=%ED%95%9C%EA%B0%95%ED%99%8D%EC%88%98%ED%86%B5%EC%A0%9C%EC%86%8C%20%EB%8C%90&currentPage=1&perPage=40,2026-10-01T13:52:21Z,keyword=%ED%95%9C%EA%B0%95%ED%99%8D%EC%88%98%ED%86%B5%EC%A0%9C%EC%86%8C%20%EB%8C%90&currentPage=1&perPage=40,01_raw/DataGoKr/search/search_한강홍수통제소_댐_ALL.html,200,d7773f21f8e128ff5469187530a52119be4589e891be3c9eb8aae231bb074ab5,479527,,OK
공공데이터포털,data.go.kr 데이터 검색,검색: 한국수력원자력 댐 방류,https://www.data.go.kr/tcs/dss/selectDataSetList.do?keyword=%ED%95%9C%EA%B5%AD%EC%88%98%EB%A0%A5%EC%9B%90%EC%9E%90%EB%A0%A5%20%EB%8C%90%20%EB%B0%A9%EB%A5%98&currentPage=1&perPage=40,2026-10-01T13:52:24Z,keyword=%ED%95%9C%EA%B5%AD%EC%88%98%EB%A0%A5%EC%9B%90%EC%9E%90%EB%A0%A5%20%EB%8C%90%20%EB%B0%A9%EB%A5%98&currentPage=1&perPage=40,01_raw/DataGoKr/search/search_한국수력원자력_댐_방류_ALL.html,200,29c5f0dd1b23096fc6dbe96aad7c113f7ca69d886cf356221bf5b4d0bc7f49f8,440183,,OK
공공데이터포털,data.go.kr 데이터 검색,검색: 수문방류,https://www.data.go.kr/tcs/dss/selectDataSetList.do?keyword=%EC%88%98%EB%AC%B8%EB%B0%A9%EB%A5%98&currentPage=1&perPage=40,2026-10-01T13:52:26Z,keyword=%EC%88%98%EB%AC%B8%EB%B0%A9%EB%A5%98&currentPage=1&perPage=40,01_raw/DataGoKr/search/search_수문방류_ALL.html,200,5365496536d473f11f5e49b53564e13c70f6eddc27ffd16cd8f6fc77e456769a,476648,,OK
공공데이터포털,data.go.kr 데이터 검색,검색: 댐 운영일지,https://www.data.go.kr/tcs/dss/selectDataSetList.do?keyword=%EB%8C%90%20%EC%9A%B4%EC%98%81%EC%9D%BC%EC%A7%80&currentPage=1&perPage=40,2026-10-01T13:52:29Z,keyword=%EB%8C%90%20%EC%9A%B4%EC%98%81%EC%9D%BC%EC%A7%80&currentPage=1&perPage=40,01_raw/DataGoKr/search/search_댐_운영일지_ALL.html,200,3ac267e2947051efde1d8f320de05772ebba05f75234bb4a73811bd7f1e7033a,480868,,OK
공공데이터포털,data.go.kr 데이터 검색,검색: 홍수조절 실적,https://www.data.go.kr/tcs/dss/selectDataSetList.do?keyword=%ED%99%8D%EC%88%98%EC%A1%B0%EC%A0%88%20%EC%8B%A4%EC%A0%81&currentPage=1&perPage=40,2026-10-01T13:52:31Z,keyword=%ED%99%8D%EC%88%98%EC%A1%B0%EC%A0%88%20%EC%8B%A4%EC%A0%81&currentPage=1&perPage=40,01_raw/DataGoKr/search/search_홍수조절_실적_ALL.html,200,978a805f8ebc8a2569982d3082037cda84621e7ed1f5c53efdbe6caf6e9a8ae5,433756,,OK
공공데이터포털,data.go.kr 데이터 검색,검색: 홍수 조절 결과 댐,https://www.data.go.kr/tcs/dss/selectDataSetList.do?keyword=%ED%99%8D%EC%88%98%20%EC%A1%B0%EC%A0%88%20%EA%B2%B0%EA%B3%BC%20%EB%8C%90&currentPage=1&perPage=40,2026-10-01T13:52:33Z,keyword=%ED%99%8D%EC%88%98%20%EC%A1%B0%EC%A0%88%20%EA%B2%B0%EA%B3%BC%20%EB%8C%90&currentPage=1&perPage=40,01_raw/DataGoKr/search/search_홍수_조절_결과_댐_ALL.html,200,c97841bc0244e8084bb658d2a1551375ad558d24670708f42c9f47731c267a9a,426072,,OK
공공데이터포털,data.go.kr 카탈로그 페이지,dataset 15150943,https://www.data.go.kr/data/15150943/fileData.do,2026-10-01T13:52:40Z,,01_raw/DataGoKr/catalog_pages/15150943.html,200,acae00c3ad0241d47e2f44828d5a822b7a069e3848e135d38e6705fb2645757d,166541,,OK
공공데이터포털,data.go.kr 카탈로그 페이지,dataset 15157779,https://www.data.go.kr/data/15157779/openapi.do,2026-10-01T13:53:11Z,,01_raw/DataGoKr/catalog_pages/15157779.html,200,0f24a4707a819717a2c3bfa9e61ceb98ee8a547c411cc51a537ec3f6847c6cbf,201208,,OK
공공데이터포털,data.go.kr 카탈로그 페이지,dataset 15085911,https://www.data.go.kr/data/15085911/fileData.do,2026-10-01T13:54:40Z,,01_raw/DataGoKr/catalog_pages/15085911.html,200,04fe7976ac0e80d81b26850fdb99f1f2fc4365b54ee00a2890d22fe4005f7cc7,203079,,OK
공공데이터포털,data.go.kr 카탈로그 페이지,dataset 15152729,https://www.data.go.kr/data/15152729/fileData.do,2026-10-01T13:54:42Z,,01_raw/DataGoKr/catalog_pages/15152729.html,200,8a9b3f59fca4acd397e1c4bdff6a67e08280e915525e4667fc07d35e4c5bdc8c,165696,,OK
한강홍수통제소,access probe 2026-10-01,hrfco.go.kr 메인,https://www.hrfco.go.kr/,2026-10-01T13:55:27Z,,,000,,0,접근 재확인(Operation/방류승인 정의 탐색),FAIL
공공데이터포털,data.go.kr 카탈로그 페이지,dataset 15083336,https://www.data.go.kr/data/15083336/fileData.do,2026-10-01T13:55:30Z,,01_raw/DataGoKr/catalog_pages/15083336.html,200,74e6c5968c90c47374710e22060f4674f735233ad38fb600c89ccf791ea1cd09,216359,,OK
한강홍수통제소,access probe 2026-10-01,api.hrfco.go.kr,https://api.hrfco.go.kr/,2026-10-01T13:55:59Z,,,000,,0,접근 재확인(Operation/방류승인 정의 탐색),FAIL
환경부/한강홍수통제소,access probe 2026-10-01,WAMIS 메인,https://www.wamis.go.kr/,2026-10-01T13:56:24Z,,,000,,0,접근 재확인(Operation/방류승인 정의 탐색),FAIL
환경부,access probe 2026-10-01,me.go.kr 메인,https://www.me.go.kr/,2026-10-01T13:56:31Z,,,000,,0,접근 재확인(Operation/방류승인 정의 탐색),FAIL
한국수자원공사,access probe 2026-10-01,opendata.kwater.or.kr,https://opendata.kwater.or.kr/,2026-10-01T13:56:37Z,,,000,,0,접근 재확인(Operation/방류승인 정의 탐색),FAIL
한국수자원공사,access probe 2026-10-01,kwater.or.kr 메인,https://www.kwater.or.kr/main.do,2026-10-01T13:56:40Z,,01_raw/probe_kwater.or.kr.html,200,f46988c006f45f1c0c342778a94cf80a19adb6b6de1786148c499290f84edf38,124340,접근 재확인(Operation/방류승인 정의 탐색),OK
한국수자원공사,공공데이터포털 참고문서,기술문서_한국수자원공사_수문 운영 정보 v1.5.1,https://www.data.go.kr/cmm/cmm/fileDownload.do?atchFileId=FILE_000000002818337&fileDetailSn=1&insertDataPrcus=N,2026-10-01T13:57:44Z,OpenAPI 기술문서,,000,,0,atchFileId=FILE_000000002818337;fileDetailSn=1,FAIL
한국수자원공사,공공데이터포털 참고문서,기술문서_한국수자원공사_다목적댐 운영 정보 v1.5.1,https://www.data.go.kr/cmm/cmm/fileDownload.do?atchFileId=FILE_000000002818161&fileDetailSn=1&insertDataPrcus=N,2026-10-01T13:57:45Z,OpenAPI 기술문서,01_raw/DataGoKr/tech_docs/15099049_기술문서_다목적댐_운영_정보_v1.5.1.docx,200,778ec53745016d286eb8a1a6498707a73c1d250f3dfa98accc861b10415937dc,143292,atchFileId=FILE_000000002818161;fileDetailSn=1,OK
한국수자원공사,공공데이터포털 참고문서,기술문서_한국수자원공사_댐 코드 조회 v1.5.1,https://www.data.go.kr/cmm/cmm/fileDownload.do?atchFileId=FILE_000000002818313&fileDetailSn=1&insertDataPrcus=N,2026-10-01T13:58:00Z,OpenAPI 기술문서,01_raw/DataGoKr/tech_docs/15099105_기술문서_댐_코드_조회_v1.5.1.docx,200,6d1ff52a2933f0c900c03379be8e8de32fc65dd28d3034d11c057a0f4bd44897,141860,atchFileId=FILE_000000002818313;fileDetailSn=1,OK
한국수자원공사,공공데이터포털 참고문서,기술문서_한국수자원공사_수문 제원 현황 v1.5-수정,https://www.data.go.kr/cmm/cmm/fileDownload.do?atchFileId=FILE_000000002513702&fileDetailSn=1&insertDataPrcus=N,2026-10-01T13:58:15Z,OpenAPI 기술문서,01_raw/DataGoKr/tech_docs/15099107_기술문서_수문_제원_현황_v1.5-수정.docx,200,2d8b58235faebb611539eed4d724d896ebd81526386e705210fab70b0b01e7db,370027,atchFileId=FILE_000000002513702;fileDetailSn=1,OK
한국수자원공사,공공데이터포털 참고문서,기술문서_한국수자원공사_용수댐 운영 정보 v1.5-수정,https://www.data.go.kr/cmm/cmm/fileDownload.do?atchFileId=FILE_000000002513716&fileDetailSn=1&insertDataPrcus=N,2026-10-01T13:58:31Z,OpenAPI 기술문서,01_raw/DataGoKr/tech_docs/15099047_기술문서_용수댐_운영_정보_v1.5-수정.docx,200,25de04c8aca75ca4cd45143369235354837da6e4eadb0812d06cb9d57ea8d70c,370757,atchFileId=FILE_000000002513716;fileDetailSn=1,OK
한국수자원공사,공공데이터포털 참고문서,기술문서_한국수자원공사_수문 운영 정보_v1.5.1,https://www.data.go.kr/cmm/cmm/fileDownload.do?atchFileId=FILE_000000002818337&fileDetailSn=1&insertDataPrcus=N,2026-10-01T13:58:38Z,OpenAPI 기술문서,01_raw/DataGoKr/tech_docs/15099110_기술문서_수문_운영_정보_v1.5.1.docx,200,84526b48c96b388d072cd60827fcb994b41ebbd8eb31058cf2b0abb94bb383ce,151783,atchFileId=FILE_000000002818337;fileDetailSn=1,OK
공공데이터포털,data.go.kr 카탈로그 페이지,dataset 15083252,https://www.data.go.kr/data/15083252/fileData.do,2026-10-01T13:58:59Z,,01_raw/DataGoKr/catalog_pages/15083252.html,200,c7db82fc17c660d2d6457cdea0a20a2f51308d9d4bb89f0cca691879bc038279,165866,,OK
공공데이터포털,data.go.kr 카탈로그 페이지,dataset 3068550,https://www.data.go.kr/data/3068550/fileData.do,2026-10-01T13:59:15Z,,01_raw/DataGoKr/catalog_pages/3068550.html,200,840bf2480988b3042c5c37f05b66ec863a064081b81d8e3f765ed32137d4d6fd,165931,,OK
공공데이터포털,data.go.kr 카탈로그 페이지,dataset 15086305,https://www.data.go.kr/data/15086305/fileData.do,2026-10-01T13:59:16Z,,01_raw/DataGoKr/catalog_pages/15086305.html,200,2697262a1f209fe3065a116cbe6916a9bf1a9c10f34ca601d035953750963e52,200199,,OK
K-water,MyWater ajaxProc,getRainTrend 조회키 검증,https://www.water.or.kr/kor/realtime/sumun/ajaxProc.do,2026-10-01T14:00:04Z,"{""mode"": ""getRainTrend"", ""damCd"": ""1003110"", ""obsCd"": ""1001420"", ""param1"": ""A"", ""rainJobGb"": ""H"", ""rainStartDate"": ""2020-08-02"", ""rainEndDate"": ""2020-08-03""}",01_raw/KWater/lookup_probe/getRainTrend_A_1001420_H_2020-08-02_2020-08-03.json,200,a14ff9e3a62056d7e47197f4cbf901a3b2b6a237a36041faba0f167a4b5c203c,5838,관측소 단위 시계열 조회키(damCd+obsCd) 검증용 1회 호출,OK
K-water,MyWater ajaxProc,getRainTrend 조회키 검증,https://www.water.or.kr/kor/realtime/sumun/ajaxProc.do,2026-10-01T14:00:06Z,"{""mode"": ""getRainTrend"", ""damCd"": ""1003110"", ""obsCd"": ""1002655"", ""param1"": ""C"", ""rainJobGb"": ""H"", ""rainStartDate"": ""2020-08-02"", ""rainEndDate"": ""2020-08-03""}",01_raw/KWater/lookup_probe/getRainTrend_C_1002655_H_2020-08-02_2020-08-03.json,200,a332ecf4eaf27d68f157b5f2c5ff0f98e6aa502e9c51bd546704321ccaf052ec,6109,관측소 단위 시계열 조회키(damCd+obsCd) 검증용 1회 호출,OK
한국수자원공사(K-water),MyWater 물재해 현황 > 홍수 > 운영현황 > 한강현황,한강현황 < 운영현황 < 홍수 < 물재해 현황,https://www.water.or.kr/kor/flood/floodstatus/index.do?mode=list&types=1&menuId=16_166_271_272,2026-10-01T14:03:26Z,,01_raw/KWater/pages/mywater_floodstatus_hangang_2026-10-01.html,200,49aec9271a77c61062e5f329edde1142ceee8fb3268a92777745b83e2cd0d90a,275218,방류상태 열(Operation 후보 현재상태) 및 기준일시 확인,OK
