retrieval_time_utc,source_organization,source_system,target,title,serial_no,effective_date,API_endpoint_with_params(OC=test),file_name,bytes,sha256
2026-09-29T11:39:32Z,법제처,국가법령정보 공동활용 DRF,law,하천법,284435,20260918,http://www.law.go.kr/DRF/lawService.do?OC=test&target=law&MST=284435&type=XML,01_raw/Law/law_284435_하천법_시행20260918.xml,298986,da93ecfa8fc6f6ca0474352051f2170097b23d155877304628cf3229b585c56b
2026-09-29T11:39:35Z,법제처,국가법령정보 공동활용 DRF,law,하천법 시행령,289703,20260918,http://www.law.go.kr/DRF/lawService.do?OC=test&target=law&MST=289703&type=XML,01_raw/Law/law_289703_하천법시행령_시행20260918.xml,323942,f5d08be539f2c19bed605ddb20ff86469088c1e7774572757b44a5ea0f669856
2026-09-29T11:39:37Z,법제처,국가법령정보 공동활용 DRF,law,댐건설ㆍ관리 및 주변지역지원 등에 관한 법률,284331,20260918,http://www.law.go.kr/DRF/lawService.do?OC=test&target=law&MST=284331&type=XML,01_raw/Law/law_284331_댐건설관리및주변지역지원등에관한법률_시행20260918.xml,193909,4c726377700408c7b5f80e710a3cbf143a61d51462b84473b4daffa59de173ba
2026-09-29T11:39:39Z,법제처,국가법령정보 공동활용 DRF,law,댐건설ㆍ관리 및 주변지역지원 등에 관한 법률 시행령,289707,20260918,http://www.law.go.kr/DRF/lawService.do?OC=test&target=law&MST=289707&type=XML,01_raw/Law/law_289707_댐건설관리및주변지역지원등에관한법률시행령_시행20260918.xml,234745,c373a305b7fa3981e02bcba9512b5467ad23dc4dc78811e812810c0967b220d4
2026-09-29T11:39:41Z,법제처,국가법령정보 공동활용 DRF,law,저수지ㆍ댐의 안전관리 및 재해예방에 관한 법률,276329,20251001,http://www.law.go.kr/DRF/lawService.do?OC=test&target=law&MST=276329&type=XML,01_raw/Law/law_276329_저수지댐의안전관리및재해예방에관한법률_시행20251001.xml,107639,0ae62deed1dac2f56c22484beea7b752760570fa395a98362d49b3b60c140faf
2026-09-29T11:39:42Z,법제처,국가법령정보 공동활용 DRF,admrul,홍수조절지 및 저류지 관리규정,2100000267012,20251105,http://www.law.go.kr/DRF/lawService.do?OC=test&target=admrul&ID=2100000267012&type=XML,01_raw/Law/admrul_2100000267012_홍수조절지및저류지관리규정_시행20251105.xml,29673,75ec379f8152278be2f8b83e45ef10bce3c353a0ee2f399b18d781efaa5d4691
2026-09-29T11:39:43Z,법제처,국가법령정보 공동활용 DRF,admrul,한강권역 하천유역수자원관리계획 고시,2100000259512,20250521,http://www.law.go.kr/DRF/lawService.do?OC=test&target=admrul&ID=2100000259512&type=XML,01_raw/Law/admrul_2100000259512_한강권역하천유역수자원관리계획고시_시행20250521.xml,2717,0da85843fd557ea488cccca3f31ddf3eb76b985909fba6e51786c9f998b6cf06
2026-09-29T11:39:45Z,법제처,국가법령정보 공동활용 DRF,admrul,지구단위 홍수방어기준,2100000093672,20170726,http://www.law.go.kr/DRF/lawService.do?OC=test&target=admrul&ID=2100000093672&type=XML,01_raw/Law/admrul_2100000093672_지구단위홍수방어기준_시행20170726.xml,34208,6b51767bb2b6c4047fa7c7d45b3e9dd872d1b9cce883459694275922d435186a
2026-09-29T11:39:46Z,법제처,국가법령정보 공동활용 DRF,admrul,댐시설 최소유지관리기준,2100000264992,20251001,http://www.law.go.kr/DRF/lawService.do?OC=test&target=admrul&ID=2100000264992&type=XML,01_raw/Law/admrul_2100000264992_댐시설최소유지관리기준_시행20251001.xml,44343,14b7c0967e3e4247ef7f954b2e258bec0b0deac9e79777983d7ef32a6c54b7da
2026-09-29T11:39:48Z,법제처,국가법령정보 공동활용 DRF,admrul,수문(水文)조사 업무규정,2100000267736,20251111,http://www.law.go.kr/DRF/lawService.do?OC=test&target=admrul&ID=2100000267736&type=XML,01_raw/Law/admrul_2100000267736_수문조사업무규정_시행20251111.xml,153421,48e6b064f1d543727345b235f3cb4daeacc9d9437299faea4e9d1c3447394651
2026-09-29T11:39:51Z,법제처,국가법령정보 공동활용 DRF,admrul,수문(水文)자료의 공인 및 저장 배포 활용 기준,2100000266718,20251007,http://www.law.go.kr/DRF/lawService.do?OC=test&target=admrul&ID=2100000266718&type=XML,01_raw/Law/admrul_2100000266718_수문자료의공인및저장배포활용기준_시행20251007.xml,191425,9351866c3bb8732c5dff87e4949a7cb3221d633feeb1ba683d4713693eeba84e
2026-09-29T11:35Z(approx; 수동 curl),법제처,국가법령정보 공동활용 DRF,admrul,댐과 보 등의 연계운영규정,2100000282102,20260708,http://www.law.go.kr/DRF/lawService.do?OC=test&target=admrul&ID=2100000282102&type=XML,01_raw/Law/admrul_2100000282102_댐과보등의연계운영규정_현행20260708.xml,48146,8ce5e1e198fb795afdc964057db922cf49b30e8d95dd36e47c45f8d7bbe9fe44
"2026-09-29T11:36-11:38Z(approx; 수동 curl, 재시도 포함)",법제처,law.go.kr 첨부파일 다운로드,attachment,댐과보등의연계운영규정_일부개정전문_20260708.hwpx,166906721,20260708,https://www.law.go.kr/LSW/flDownload.do?flSeq=166906721,01_raw/Regulations/댐과보등의연계운영규정_일부개정전문_20260708.hwpx,63475,792e17f49a39cb0f9055450c6c08c0f1946f0074756de52367e9d4ae0e366b60
"2026-09-29T11:36-11:38Z(approx; 수동 curl, 재시도 포함)",법제처,law.go.kr 첨부파일 다운로드,attachment,댐과보등의연계운영규정_일부개정전문_20260708.pdf,166906725,20260708,https://www.law.go.kr/LSW/flDownload.do?flSeq=166906725,01_raw/Regulations/댐과보등의연계운영규정_일부개정전문_20260708.pdf,361831,f6f0696974d3772798bac0f7ab31bf4b37f06745bed2f4049913f959ef1f7c2c
"2026-09-29T11:36-11:38Z(approx; 수동 curl, 재시도 포함)",법제처,law.go.kr 첨부파일 다운로드,attachment,별표서식_별표1_연계운영대상시설.hwpx,166906979,20260708,https://www.law.go.kr/LSW/flDownload.do?flSeq=166906979,01_raw/Regulations/별표서식_별표1_연계운영대상시설.hwpx,17230,e2fb7c9423603543b9be2d7e1093c5799f4cee8e29fc90d8440b08b98716cb8f
"2026-09-29T11:36-11:38Z(approx; 수동 curl, 재시도 포함)",법제처,law.go.kr 첨부파일 다운로드,attachment,별표서식_별표1_연계운영대상시설.pdf,166906983,20260708,https://www.law.go.kr/LSW/flDownload.do?flSeq=166906983,01_raw/Regulations/별표서식_별표1_연계운영대상시설.pdf,75383,74d9b9b2d373e6cdee7a2a6f6d6b7a5d1bc0f069f6b212ed6818a48947713c3f
