retrieval_time_utc,window,endpoint,query_parameters_json,file_name,bytes,sha256,n_rows,errorChk
2026-09-30T00:53:37Z,A,https://www.water.or.kr/kor/realtime/sumun/ajaxProc.do,"{""mode"": ""getHydr"", ""damCd"": ""1001210"", ""param1"": ""H"", ""startDate"": ""2020-07-25"", ""endDate"": ""2020-08-23"", ""page"": """"}",01_raw/KWater/mywater_approval_linked/hydr/H/1001210/2020-07-25_2020-08-23.json,116541,b937ce05bb2c998845897cd3bc248507a513c2fcf7460079b835d41ba71bd62d,720,N
2026-09-30T00:53:42Z,A,https://www.water.or.kr/kor/realtime/sumun/ajaxProc.do,"{""mode"": ""getHydr"", ""damCd"": ""1003110"", ""param1"": ""H"", ""startDate"": ""2020-07-25"", ""endDate"": ""2020-08-23"", ""page"": """"}",01_raw/KWater/mywater_approval_linked/hydr/H/1003110/2020-07-25_2020-08-23.json,106455,db7c5862ec5bcbef0d1d304c679d190742ef96301aa1bfef71a8571de6eb0566,720,N
2026-09-30T00:53:46Z,A,https://www.water.or.kr/kor/realtime/sumun/ajaxProc.do,"{""mode"": ""getHydr"", ""damCd"": ""1003611"", ""param1"": ""H"", ""startDate"": ""2020-07-25"", ""endDate"": ""2020-08-23"", ""page"": """"}",01_raw/KWater/mywater_approval_linked/hydr/H/1003611/2020-07-25_2020-08-23.json,103408,bab4e9beb5b84aa99be69eedd6abc344463f393fbc8563d1ea7029dfdacd02d6,720,N
2026-09-30T00:53:49Z,A,https://www.water.or.kr/kor/realtime/sumun/ajaxProc.do,"{""mode"": ""getHydr"", ""damCd"": ""1006110"", ""param1"": ""H"", ""startDate"": ""2020-07-25"", ""endDate"": ""2020-08-23"", ""page"": """"}",01_raw/KWater/mywater_approval_linked/hydr/H/1006110/2020-07-25_2020-08-23.json,100781,7a8af8c4b3824908adce139162a418adf6e5340f1882986b31f99175b872ec67,720,N
2026-09-30T00:53:52Z,A,https://www.water.or.kr/kor/realtime/sumun/ajaxProc.do,"{""mode"": ""getHydr"", ""damCd"": ""1012110"", ""param1"": ""H"", ""startDate"": ""2020-07-25"", ""endDate"": ""2020-08-23"", ""page"": """"}",01_raw/KWater/mywater_approval_linked/hydr/H/1012110/2020-07-25_2020-08-23.json,104838,e7e39d17c9c7b00c1402dd209fbdb02e8b07913bfe64566e4416cab5603b457c,720,N
2026-09-30T00:53:55Z,A,https://www.water.or.kr/kor/realtime/sumun/ajaxProc.do,"{""mode"": ""getPeriod"", ""param1"": ""DATA1"", ""param2"": ""1"", ""param3"": ""H1"", ""startDate"": ""2020-07-25"", ""endDate"": ""2020-08-23""}",01_raw/KWater/mywater_approval_linked/period/H1/group1/DATA1/2020-07-25_2020-08-23.json,352413,7902ea6f75692e9c53ea50178d6f01a73b3f17ce5aebb60e5ab491ca93a02ab4,720,N
2026-09-30T00:54:00Z,A,https://www.water.or.kr/kor/realtime/sumun/ajaxProc.do,"{""mode"": ""getPeriod"", ""param1"": ""DATA2"", ""param2"": ""1"", ""param3"": ""H1"", ""startDate"": ""2020-07-25"", ""endDate"": ""2020-08-23""}",01_raw/KWater/mywater_approval_linked/period/H1/group1/DATA2/2020-07-25_2020-08-23.json,347443,653050dd56f587704f2c9657cb62280b631500c77e071f4afe6b323d4cc1ce44,720,N
2026-09-30T00:54:04Z,A,https://www.water.or.kr/kor/realtime/sumun/ajaxProc.do,"{""mode"": ""getPeriod"", ""param1"": ""DATA3"", ""param2"": ""1"", ""param3"": ""H1"", ""startDate"": ""2020-07-25"", ""endDate"": ""2020-08-23""}",01_raw/KWater/mywater_approval_linked/period/H1/group1/DATA3/2020-07-25_2020-08-23.json,241817,ec0a9fe815f715b6bb4bb15b33bb3e1618be8cf6061122d113509ec881515461,720,N
2026-09-30T00:54:08Z,A,https://www.water.or.kr/kor/realtime/sumun/ajaxProc.do,"{""mode"": ""getPeriod"", ""param1"": ""DATA4"", ""param2"": ""1"", ""param3"": ""H1"", ""startDate"": ""2020-07-25"", ""endDate"": ""2020-08-23""}",01_raw/KWater/mywater_approval_linked/period/H1/group1/DATA4/2020-07-25_2020-08-23.json,341344,fde6ce3cd25c8485532c9d51439f9823bf80804b8dcc5317d91d615b6d30481e,720,N
2026-09-30T00:54:13Z,A,https://www.water.or.kr/kor/realtime/sumun/ajaxProc.do,"{""mode"": ""getPeriod"", ""param1"": ""DATA5"", ""param2"": ""1"", ""param3"": ""H1"", ""startDate"": ""2020-07-25"", ""endDate"": ""2020-08-23""}",01_raw/KWater/mywater_approval_linked/period/H1/group1/DATA5/2020-07-25_2020-08-23.json,332389,e363e242ebdd4f3cf9c0d934a53a762fdb13a632b918a8e3678447a66820d19b,720,N
2026-09-30T00:54:16Z,A,https://www.water.or.kr/kor/realtime/sumun/ajaxProc.do,"{""mode"": ""getPeriod"", ""param1"": ""DATA6"", ""param2"": ""1"", ""param3"": ""H1"", ""startDate"": ""2020-07-25"", ""endDate"": ""2020-08-23""}",01_raw/KWater/mywater_approval_linked/period/H1/group1/DATA6/2020-07-25_2020-08-23.json,341745,7e99f515b98e22d33b49ea4486320993a950704f5b6284ae4b1f2c24e0238498,720,N
2026-09-30T00:54:20Z,A,https://www.water.or.kr/kor/realtime/sumun/ajaxProc.do,"{""mode"": ""getPeriod"", ""param1"": ""DATA1"", ""param2"": ""2"", ""param3"": ""H1"", ""startDate"": ""2020-07-25"", ""endDate"": ""2020-08-23""}",01_raw/KWater/mywater_approval_linked/period/H1/group2/DATA1/2020-07-25_2020-08-23.json,190749,ceb4d0192cef9ed8282a5272c50ef175bffb39086eba0e6f1440bb915883d4c7,720,N
2026-09-30T00:54:24Z,A,https://www.water.or.kr/kor/realtime/sumun/ajaxProc.do,"{""mode"": ""getPeriod"", ""param1"": ""DATA2"", ""param2"": ""2"", ""param3"": ""H1"", ""startDate"": ""2020-07-25"", ""endDate"": ""2020-08-23""}",01_raw/KWater/mywater_approval_linked/period/H1/group2/DATA2/2020-07-25_2020-08-23.json,182121,1fdb5c82f9f5935254c53b4b0067d24df83ea9f373d2eb927c167cbfc06c28c9,720,N
2026-09-30T00:54:28Z,A,https://www.water.or.kr/kor/realtime/sumun/ajaxProc.do,"{""mode"": ""getPeriod"", ""param1"": ""DATA3"", ""param2"": ""2"", ""param3"": ""H1"", ""startDate"": ""2020-07-25"", ""endDate"": ""2020-08-23""}",01_raw/KWater/mywater_approval_linked/period/H1/group2/DATA3/2020-07-25_2020-08-23.json,146827,b59fd80ff59ba69540471b02ffb1c94227181de06e3da1358383501c4c59ad7d,720,N
2026-09-30T00:54:31Z,A,https://www.water.or.kr/kor/realtime/sumun/ajaxProc.do,"{""mode"": ""getPeriod"", ""param1"": ""DATA4"", ""param2"": ""2"", ""param3"": ""H1"", ""startDate"": ""2020-07-25"", ""endDate"": ""2020-08-23""}",01_raw/KWater/mywater_approval_linked/period/H1/group2/DATA4/2020-07-25_2020-08-23.json,172744,f58b23f3a25010380269c55da2962dedb00329033d0f0ee06feccb2cb31501bc,720,N
2026-09-30T00:54:34Z,A,https://www.water.or.kr/kor/realtime/sumun/ajaxProc.do,"{""mode"": ""getPeriod"", ""param1"": ""DATA5"", ""param2"": ""2"", ""param3"": ""H1"", ""startDate"": ""2020-07-25"", ""endDate"": ""2020-08-23""}",01_raw/KWater/mywater_approval_linked/period/H1/group2/DATA5/2020-07-25_2020-08-23.json,170139,3eb9aa579a47cd6c684b156410fd92443ab321d0eebcfa881653212c10d3b1f5,720,N
2026-09-30T00:54:38Z,A,https://www.water.or.kr/kor/realtime/sumun/ajaxProc.do,"{""mode"": ""getPeriod"", ""param1"": ""DATA6"", ""param2"": ""2"", ""param3"": ""H1"", ""startDate"": ""2020-07-25"", ""endDate"": ""2020-08-23""}",01_raw/KWater/mywater_approval_linked/period/H1/group2/DATA6/2020-07-25_2020-08-23.json,174108,1f753a3b518f0064a757d0d9f23f0768b9eaa04c812db4043f6100c50d03b4bd,720,N
2026-09-30T00:54:42Z,A,https://www.water.or.kr/kor/realtime/sumun/ajaxProc.do,"{""mode"": ""getHydr"", ""damCd"": ""1001210"", ""param1"": ""H"", ""startDate"": ""2020-08-24"", ""endDate"": ""2020-09-10"", ""page"": """"}",01_raw/KWater/mywater_approval_linked/hydr/H/1001210/2020-08-24_2020-09-10.json,64312,7f17bc8e1d7afd06129879014ff2db11fc0b46530a40dfcc70eef4fa51e4dd88,432,N
2026-09-30T00:54:44Z,A,https://www.water.or.kr/kor/realtime/sumun/ajaxProc.do,"{""mode"": ""getHydr"", ""damCd"": ""1003110"", ""param1"": ""H"", ""startDate"": ""2020-08-24"", ""endDate"": ""2020-09-10"", ""page"": """"}",01_raw/KWater/mywater_approval_linked/hydr/H/1003110/2020-08-24_2020-09-10.json,63447,7a1533fe9b0ed3566d5bcfdd3c388dce794e5941a58f5cd0b9d552c033745b95,432,N
2026-09-30T00:54:47Z,A,https://www.water.or.kr/kor/realtime/sumun/ajaxProc.do,"{""mode"": ""getHydr"", ""damCd"": ""1003611"", ""param1"": ""H"", ""startDate"": ""2020-08-24"", ""endDate"": ""2020-09-10"", ""page"": """"}",01_raw/KWater/mywater_approval_linked/hydr/H/1003611/2020-08-24_2020-09-10.json,61944,15e6406d8c43a54aeee460f2bf57aee0bf8e21e7b3c33a5a1692fb67af3eb4fa,432,N
2026-09-30T00:54:50Z,A,https://www.water.or.kr/kor/realtime/sumun/ajaxProc.do,"{""mode"": ""getHydr"", ""damCd"": ""1006110"", ""param1"": ""H"", ""startDate"": ""2020-08-24"", ""endDate"": ""2020-09-10"", ""page"": """"}",01_raw/KWater/mywater_approval_linked/hydr/H/1006110/2020-08-24_2020-09-10.json,60676,e7e0ada9a56f79fe6ebc4ec1bb9fdf330c48efd6387bbcd729932b7405f62045,432,N
2026-09-30T00:54:53Z,A,https://www.water.or.kr/kor/realtime/sumun/ajaxProc.do,"{""mode"": ""getHydr"", ""damCd"": ""1012110"", ""param1"": ""H"", ""startDate"": ""2020-08-24"", ""endDate"": ""2020-09-10"", ""page"": """"}",01_raw/KWater/mywater_approval_linked/hydr/H/1012110/2020-08-24_2020-09-10.json,63356,dd576ecf22e158fe29339306a9a08fb65c3b7c70afe25d231f5e0cc3b37f2360,432,N
2026-09-30T00:54:56Z,A,https://www.water.or.kr/kor/realtime/sumun/ajaxProc.do,"{""mode"": ""getPeriod"", ""param1"": ""DATA1"", ""param2"": ""1"", ""param3"": ""H1"", ""startDate"": ""2020-08-24"", ""endDate"": ""2020-09-10""}",01_raw/KWater/mywater_approval_linked/period/H1/group1/DATA1/2020-08-24_2020-09-10.json,215098,0fb5ad49efe5ddb53622ebfbc51f91f1af14c9d8e8f98772fc80afd88fdbf635,432,N
2026-09-30T00:54:59Z,A,https://www.water.or.kr/kor/realtime/sumun/ajaxProc.do,"{""mode"": ""getPeriod"", ""param1"": ""DATA2"", ""param2"": ""1"", ""param3"": ""H1"", ""startDate"": ""2020-08-24"", ""endDate"": ""2020-09-10""}",01_raw/KWater/mywater_approval_linked/period/H1/group1/DATA2/2020-08-24_2020-09-10.json,211745,fb90a2c3563d54ac35f7545be30bf5a1432b0cf023a802deb273ba52d5d5bf29,432,N
2026-09-30T00:55:03Z,A,https://www.water.or.kr/kor/realtime/sumun/ajaxProc.do,"{""mode"": ""getPeriod"", ""param1"": ""DATA3"", ""param2"": ""1"", ""param3"": ""H1"", ""startDate"": ""2020-08-24"", ""endDate"": ""2020-09-10""}",01_raw/KWater/mywater_approval_linked/period/H1/group1/DATA3/2020-08-24_2020-09-10.json,146091,ee0042dd081cdca9332124d69971560dcef94b73353e2f536126db4b4a8bce22,432,N
2026-09-30T00:55:06Z,A,https://www.water.or.kr/kor/realtime/sumun/ajaxProc.do,"{""mode"": ""getPeriod"", ""param1"": ""DATA4"", ""param2"": ""1"", ""param3"": ""H1"", ""startDate"": ""2020-08-24"", ""endDate"": ""2020-09-10""}",01_raw/KWater/mywater_approval_linked/period/H1/group1/DATA4/2020-08-24_2020-09-10.json,204948,158fff929b0973d185cac5c4f8ade4a30a9cdcbb3ecaa1f1e14e1d668b0bed00,432,N
2026-09-30T00:55:09Z,A,https://www.water.or.kr/kor/realtime/sumun/ajaxProc.do,"{""mode"": ""getPeriod"", ""param1"": ""DATA5"", ""param2"": ""1"", ""param3"": ""H1"", ""startDate"": ""2020-08-24"", ""endDate"": ""2020-09-10""}",01_raw/KWater/mywater_approval_linked/period/H1/group1/DATA5/2020-08-24_2020-09-10.json,200118,f643727fc33a0d73203ff4c03651a4ef1cbb21dee63177ca123b2e48206bcf47,432,N
2026-09-30T00:55:13Z,A,https://www.water.or.kr/kor/realtime/sumun/ajaxProc.do,"{""mode"": ""getPeriod"", ""param1"": ""DATA6"", ""param2"": ""1"", ""param3"": ""H1"", ""startDate"": ""2020-08-24"", ""endDate"": ""2020-09-10""}",01_raw/KWater/mywater_approval_linked/period/H1/group1/DATA6/2020-08-24_2020-09-10.json,207523,3726efa2292f0b006c3f513a7c119d69cb9b8a3a541f89877e61f0b70833c5ce,432,N
2026-09-30T00:55:16Z,A,https://www.water.or.kr/kor/realtime/sumun/ajaxProc.do,"{""mode"": ""getPeriod"", ""param1"": ""DATA1"", ""param2"": ""2"", ""param3"": ""H1"", ""startDate"": ""2020-08-24"", ""endDate"": ""2020-09-10""}",01_raw/KWater/mywater_approval_linked/period/H1/group2/DATA1/2020-08-24_2020-09-10.json,116602,32bd256b2a7b4301df8289997a956901e5ba13094bc48022a510169d92dc7f82,432,N
2026-09-30T00:55:18Z,A,https://www.water.or.kr/kor/realtime/sumun/ajaxProc.do,"{""mode"": ""getPeriod"", ""param1"": ""DATA2"", ""param2"": ""2"", ""param3"": ""H1"", ""startDate"": ""2020-08-24"", ""endDate"": ""2020-09-10""}",01_raw/KWater/mywater_approval_linked/period/H1/group2/DATA2/2020-08-24_2020-09-10.json,110926,91b6839567bc0a6c50196bc0bc13f2912576226771385bb9271d80504dc43369,432,N
2026-09-30T00:55:21Z,A,https://www.water.or.kr/kor/realtime/sumun/ajaxProc.do,"{""mode"": ""getPeriod"", ""param1"": ""DATA3"", ""param2"": ""2"", ""param3"": ""H1"", ""startDate"": ""2020-08-24"", ""endDate"": ""2020-09-10""}",01_raw/KWater/mywater_approval_linked/period/H1/group2/DATA3/2020-08-24_2020-09-10.json,90258,562e7ead1a44c062ede0eee4dc8560e6f24353df086cdc79ab2b80bf74df09ab,432,N
2026-09-30T00:55:33Z,A,https://www.water.or.kr/kor/realtime/sumun/ajaxProc.do,"{""mode"": ""getPeriod"", ""param1"": ""DATA4"", ""param2"": ""2"", ""param3"": ""H1"", ""startDate"": ""2020-08-24"", ""endDate"": ""2020-09-10""}",01_raw/KWater/mywater_approval_linked/period/H1/group2/DATA4/2020-08-24_2020-09-10.json,104358,9d3dab5bc1d58f7b9b367cdb1910add76e5d2f9b8e14c85ea71976dcbb8461bb,432,N
2026-09-30T00:55:36Z,A,https://www.water.or.kr/kor/realtime/sumun/ajaxProc.do,"{""mode"": ""getPeriod"", ""param1"": ""DATA5"", ""param2"": ""2"", ""param3"": ""H1"", ""startDate"": ""2020-08-24"", ""endDate"": ""2020-09-10""}",01_raw/KWater/mywater_approval_linked/period/H1/group2/DATA5/2020-08-24_2020-09-10.json,103478,8b474648d04ff5368b2d5923e7eff3c12c4b29b11bc071deb4f6d0170535e8a7,432,N
2026-09-30T00:55:40Z,A,https://www.water.or.kr/kor/realtime/sumun/ajaxProc.do,"{""mode"": ""getPeriod"", ""param1"": ""DATA6"", ""param2"": ""2"", ""param3"": ""H1"", ""startDate"": ""2020-08-24"", ""endDate"": ""2020-09-10""}",01_raw/KWater/mywater_approval_linked/period/H1/group2/DATA6/2020-08-24_2020-09-10.json,106310,d330aece23b5c007fb524ef4644cac6adcbd709b1b2980e71797095e60f8d73f,432,N
2026-09-30T00:55:43Z,B,https://www.water.or.kr/kor/realtime/sumun/ajaxProc.do,"{""mode"": ""getHydr"", ""damCd"": ""1001210"", ""param1"": ""H"", ""startDate"": ""2019-08-01"", ""endDate"": ""2019-08-30"", ""page"": """"}",01_raw/KWater/mywater_approval_linked/hydr/H/1001210/2019-08-01_2019-08-30.json,98441,d36858f7724299a0facef0c1af64fb124527b11e186ae634980e04c1a4757b3a,720,N
2026-09-30T00:55:46Z,B,https://www.water.or.kr/kor/realtime/sumun/ajaxProc.do,"{""mode"": ""getPeriod"", ""param1"": ""DATA1"", ""param2"": ""2"", ""param3"": ""H1"", ""startDate"": ""2019-08-01"", ""endDate"": ""2019-08-30""}",01_raw/KWater/mywater_approval_linked/period/H1/group2/DATA1/2019-08-01_2019-08-30.json,191030,3273bc759761e26db827ac215979f10894be6c1f262b119678c394f3a7a048b3,720,N
2026-09-30T00:55:50Z,B,https://www.water.or.kr/kor/realtime/sumun/ajaxProc.do,"{""mode"": ""getPeriod"", ""param1"": ""DATA2"", ""param2"": ""2"", ""param3"": ""H1"", ""startDate"": ""2019-08-01"", ""endDate"": ""2019-08-30""}",01_raw/KWater/mywater_approval_linked/period/H1/group2/DATA2/2019-08-01_2019-08-30.json,181513,234f8e21d735d8a913bab6c941a175690a62f0c329cd5b33e7256624152b80a0,720,N
2026-09-30T00:55:53Z,B,https://www.water.or.kr/kor/realtime/sumun/ajaxProc.do,"{""mode"": ""getPeriod"", ""param1"": ""DATA3"", ""param2"": ""2"", ""param3"": ""H1"", ""startDate"": ""2019-08-01"", ""endDate"": ""2019-08-30""}",01_raw/KWater/mywater_approval_linked/period/H1/group2/DATA3/2019-08-01_2019-08-30.json,145432,24ecd72a008b092dd997a5ecbcfb9ebcda6e4a16db11057af84665ac8a033fab,720,N
2026-09-30T00:55:56Z,B,https://www.water.or.kr/kor/realtime/sumun/ajaxProc.do,"{""mode"": ""getPeriod"", ""param1"": ""DATA4"", ""param2"": ""2"", ""param3"": ""H1"", ""startDate"": ""2019-08-01"", ""endDate"": ""2019-08-30""}",01_raw/KWater/mywater_approval_linked/period/H1/group2/DATA4/2019-08-01_2019-08-30.json,168047,adad4cb5105caa857cb7fc4a8cf20ef8971163c81677ec46615f0036ba106f2a,720,N
2026-09-30T00:55:59Z,B,https://www.water.or.kr/kor/realtime/sumun/ajaxProc.do,"{""mode"": ""getPeriod"", ""param1"": ""DATA5"", ""param2"": ""2"", ""param3"": ""H1"", ""startDate"": ""2019-08-01"", ""endDate"": ""2019-08-30""}",01_raw/KWater/mywater_approval_linked/period/H1/group2/DATA5/2019-08-01_2019-08-30.json,165329,133cff6d6e5d84f14f84a325b372e2fa86ced472b16b78128c703f2e333dde2c,720,N
2026-09-30T00:56:02Z,B,https://www.water.or.kr/kor/realtime/sumun/ajaxProc.do,"{""mode"": ""getPeriod"", ""param1"": ""DATA6"", ""param2"": ""2"", ""param3"": ""H1"", ""startDate"": ""2019-08-01"", ""endDate"": ""2019-08-30""}",01_raw/KWater/mywater_approval_linked/period/H1/group2/DATA6/2019-08-01_2019-08-30.json,170429,72e19a0bbf55a893f4e8a67db70d0fb5665c5f942dabba90edfb2df82ed5e4b1,720,N
2026-09-30T00:56:05Z,B,https://www.water.or.kr/kor/realtime/sumun/ajaxProc.do,"{""mode"": ""getHydr"", ""damCd"": ""1001210"", ""param1"": ""H"", ""startDate"": ""2019-08-31"", ""endDate"": ""2019-09-29"", ""page"": """"}",01_raw/KWater/mywater_approval_linked/hydr/H/1001210/2019-08-31_2019-09-29.json,98138,a001a9f26d84e641501d085b8e315298360cbde1d44c078a490661dc8528634d,720,N
2026-09-30T00:56:08Z,B,https://www.water.or.kr/kor/realtime/sumun/ajaxProc.do,"{""mode"": ""getPeriod"", ""param1"": ""DATA1"", ""param2"": ""2"", ""param3"": ""H1"", ""startDate"": ""2019-08-31"", ""endDate"": ""2019-09-29""}",01_raw/KWater/mywater_approval_linked/period/H1/group2/DATA1/2019-08-31_2019-09-29.json,190635,4d00de27a123d663557a347aafd54c19dafece13e3ee529e81e038fbef793eb4,720,N
2026-09-30T00:56:12Z,B,https://www.water.or.kr/kor/realtime/sumun/ajaxProc.do,"{""mode"": ""getPeriod"", ""param1"": ""DATA2"", ""param2"": ""2"", ""param3"": ""H1"", ""startDate"": ""2019-08-31"", ""endDate"": ""2019-09-29""}",01_raw/KWater/mywater_approval_linked/period/H1/group2/DATA2/2019-08-31_2019-09-29.json,181389,7bf2633b45133a2ffcdcb78df6208b812c034594cb86192fe32d9dfca37d74e0,720,N
2026-09-30T00:56:15Z,B,https://www.water.or.kr/kor/realtime/sumun/ajaxProc.do,"{""mode"": ""getPeriod"", ""param1"": ""DATA3"", ""param2"": ""2"", ""param3"": ""H1"", ""startDate"": ""2019-08-31"", ""endDate"": ""2019-09-29""}",01_raw/KWater/mywater_approval_linked/period/H1/group2/DATA3/2019-08-31_2019-09-29.json,146143,8495eb3a782a432000a139ef557e879b14b06f170a42d83980051bd095e426fe,720,N
2026-09-30T00:56:26Z,B,https://www.water.or.kr/kor/realtime/sumun/ajaxProc.do,"{""mode"": ""getPeriod"", ""param1"": ""DATA4"", ""param2"": ""2"", ""param3"": ""H1"", ""startDate"": ""2019-08-31"", ""endDate"": ""2019-09-29""}",01_raw/KWater/mywater_approval_linked/period/H1/group2/DATA4/2019-08-31_2019-09-29.json,170402,50f1e2d86876d717b96085b1e304439595d76120a9865bfcf8df679161403133,720,N
2026-09-30T00:56:29Z,B,https://www.water.or.kr/kor/realtime/sumun/ajaxProc.do,"{""mode"": ""getPeriod"", ""param1"": ""DATA5"", ""param2"": ""2"", ""param3"": ""H1"", ""startDate"": ""2019-08-31"", ""endDate"": ""2019-09-29""}",01_raw/KWater/mywater_approval_linked/period/H1/group2/DATA5/2019-08-31_2019-09-29.json,167941,f3ce14988b5e96ac7eabeeb706b6675304b1e899daf1a7ef944eace497e491a6,720,N
2026-09-30T00:56:32Z,B,https://www.water.or.kr/kor/realtime/sumun/ajaxProc.do,"{""mode"": ""getPeriod"", ""param1"": ""DATA6"", ""param2"": ""2"", ""param3"": ""H1"", ""startDate"": ""2019-08-31"", ""endDate"": ""2019-09-29""}",01_raw/KWater/mywater_approval_linked/period/H1/group2/DATA6/2019-08-31_2019-09-29.json,171562,a79cc091bf3fe6c2a823b8ce63a6c785e7848407edc3714766d2937ebe444b32,720,N
2026-09-30T00:56:36Z,B,https://www.water.or.kr/kor/realtime/sumun/ajaxProc.do,"{""mode"": ""getHydr"", ""damCd"": ""1001210"", ""param1"": ""H"", ""startDate"": ""2019-09-30"", ""endDate"": ""2019-10-15"", ""page"": """"}",01_raw/KWater/mywater_approval_linked/hydr/H/1001210/2019-09-30_2019-10-15.json,52521,62253a524df60a71862a1607dd265830ab47a939bb343b349f993b49dd1a5c2f,384,N
2026-09-30T00:56:39Z,B,https://www.water.or.kr/kor/realtime/sumun/ajaxProc.do,"{""mode"": ""getPeriod"", ""param1"": ""DATA1"", ""param2"": ""2"", ""param3"": ""H1"", ""startDate"": ""2019-09-30"", ""endDate"": ""2019-10-15""}",01_raw/KWater/mywater_approval_linked/period/H1/group2/DATA1/2019-09-30_2019-10-15.json,103679,7a7f6fa199ee915e569a6878bc16039998b48e138a7d2ad9584782b4bf3a9df9,384,N
2026-09-30T00:56:42Z,B,https://www.water.or.kr/kor/realtime/sumun/ajaxProc.do,"{""mode"": ""getPeriod"", ""param1"": ""DATA2"", ""param2"": ""2"", ""param3"": ""H1"", ""startDate"": ""2019-09-30"", ""endDate"": ""2019-10-15""}",01_raw/KWater/mywater_approval_linked/period/H1/group2/DATA2/2019-09-30_2019-10-15.json,99193,5f63628e674fdc709ddb98a90cd02e5118181562ec63fe41997e0ba953710e04,384,N
2026-09-30T00:56:45Z,B,https://www.water.or.kr/kor/realtime/sumun/ajaxProc.do,"{""mode"": ""getPeriod"", ""param1"": ""DATA3"", ""param2"": ""2"", ""param3"": ""H1"", ""startDate"": ""2019-09-30"", ""endDate"": ""2019-10-15""}",01_raw/KWater/mywater_approval_linked/period/H1/group2/DATA3/2019-09-30_2019-10-15.json,79968,c50444a1a98f4059a7bc9d71b19614e778ff497208334e26e912f706889515dc,384,N
2026-09-30T00:56:48Z,B,https://www.water.or.kr/kor/realtime/sumun/ajaxProc.do,"{""mode"": ""getPeriod"", ""param1"": ""DATA4"", ""param2"": ""2"", ""param3"": ""H1"", ""startDate"": ""2019-09-30"", ""endDate"": ""2019-10-15""}",01_raw/KWater/mywater_approval_linked/period/H1/group2/DATA4/2019-09-30_2019-10-15.json,92681,0c7a03adb6327077e475178428a3806382685e29d8ccb7287450e6aec604ff0b,384,N
2026-09-30T00:56:51Z,B,https://www.water.or.kr/kor/realtime/sumun/ajaxProc.do,"{""mode"": ""getPeriod"", ""param1"": ""DATA5"", ""param2"": ""2"", ""param3"": ""H1"", ""startDate"": ""2019-09-30"", ""endDate"": ""2019-10-15""}",01_raw/KWater/mywater_approval_linked/period/H1/group2/DATA5/2019-09-30_2019-10-15.json,91869,670a75403ece0a9263b9558b51cdbc06f53195f4187c0ac764d5e8b582ec98c0,384,N
2026-09-30T00:56:54Z,B,https://www.water.or.kr/kor/realtime/sumun/ajaxProc.do,"{""mode"": ""getPeriod"", ""param1"": ""DATA6"", ""param2"": ""2"", ""param3"": ""H1"", ""startDate"": ""2019-09-30"", ""endDate"": ""2019-10-15""}",01_raw/KWater/mywater_approval_linked/period/H1/group2/DATA6/2019-09-30_2019-10-15.json,94362,948acf004340b7ba53e141e56af389c234ebce0cf154d169ce5d54052639b29d,384,N
