source_id,organization,system_name,dataset_name,URL,access_method,API_available,file_download_available,authentication,available_period,temporal_resolution,variables,format,terms_or_limitations,access_test_2026-09-29,retrieved,raw_location
S01,한국수자원공사(K-water),MyWater 물정보포털 (water.or.kr),댐/보 기간별자료 (getPeriod; 저수위·저수량·강우량·유입량·자체유입량·총방류량),https://www.water.or.kr/kor/realtime/sumun/index.do?mode=period&menuId=13_91_93_95,"웹 페이지가 호출하는 ajax endpoint (POST /kor/realtime/sumun/ajaxProc.do, AJAX:true 헤더)",비공식 문서화 없음 (사이트 내부 endpoint; 공식 OpenAPI 아님),웹 UI '자료받기'(엑셀) 존재,없음(인증키·로그인 불필요),2019-08 이후 확인(2019-08-01 질의 성공); 본 수집 2021-01-01~2026-09-28,"10분/30분/시간/일간 (조회한도: 10분·30분 7일, 시간 30일, 일 365일)","저수위 EL.m, 저수량 MCM, 강우량 mm, 유입량 CMS, 자체유입량 CMS, 총방류량 CMS",JSON,"페이지 안내: 분·시간 자료는 실시간자료로 홍수시 활용, 일자료는 용수관리 활용. 10분 자료는 파랑 등에 의한 순간 수위변동으로 실제와 일시 상이 가능. 이용약관 별도 확인 필요.","PASS (HTTP 200, 데이터 반환)",2026-09-29 (UTC),01_raw/KWater/mywater_period/
S02,한국수자원공사(K-water),MyWater 물정보포털,댐 수문현황 getHydr (수위·저수량·저수율·강우량·유입량·총방류량; 댐별),https://www.water.or.kr/kor/realtime/sumun/index.do?mode=sumun&menuId=13_91_93_94,ajax endpoint (mode=getHydr),비공식,웹 UI 자료받기,없음,본 수집 2021-01-01~2026-09-28,10분/시간/일,"DATA1~DATA7 (사이트 JS 렌더링 근거로 DATA1 수위, DATA2 저수량, DATA3 강우량, DATA4 유입량, DATA6 총방류량, DATA7 저수율; DATA5 미표시)",JSON,동일,PASS,2026-09-29,01_raw/KWater/mywater_station/hydr/
S03,한국수자원공사(K-water),MyWater 물정보포털,댐/보 기본현황 getBasic (제원),동상,ajax endpoint (mode=getBasic),비공식,-,없음,현재 스냅샷,-,DATA1~DATA18 (사이트 JS 근거 매핑; 댐/보 레이아웃이 다름),JSON,"damGb 1,2 모두 응답 - 레이아웃은 사이트 목록의 DAM_GB 기준",PASS,2026-09-29,01_raw/KWater/mywater_station/basic/
S04,한국수자원공사(K-water),MyWater 물정보포털,우량관측소/수위관측소 getRain (댐별 지점 강우·수위·유량),동상,"ajax endpoint (mode=getRain; param1=A 우량, C 수위)",비공식,-,없음,본 수집 2021-01-01~2026-09-28,시간 (H) [일/10분 옵션 존재],"지점명, OBS_CD, 시간우량/누적우량 또는 수위(m)/유량(CMS)",JSON,-,PASS,2026-09-29,01_raw/KWater/mywater_station/rain/
S05,한국수자원공사(K-water),kwater.or.kr,한강유역본부 시설 소개(텍스트),https://www.kwater.or.kr/busi/sub02/facilitiespresentPage.do?s_mid=1515,웹 페이지(HTML),-,-,없음,현재,-,시설 서술 텍스트(위치·거리·용량),HTML,-,PASS,2026-09-29,01_raw/KWater/pages/
S06,한국수력원자력(KHNP),khnp.co.kr 수력 실시간정보,수문 자료(실시간)/(전일): 화천·춘천·의암·청평·팔당·도암·괴산·보성강·칠보·강림,https://www.khnp.co.kr/main/realTimeMgr.do?key=205&category=water,웹 페이지(서버 렌더링 HTML),확인 안 됨(공식 OpenAPI 미발견),확인 안 됨,없음(페이지 열람),현재 및 전일만 확인 (과거 archive 미확인),실시간(약 수십초~분 단위 갱신) / 전일,"댐수위 EL.m, 유입량 ㎥/s, 방류량 ㎥/s, 강우량 mm, 발전 출력 MW",HTML,페이지 고지: 측정기기 오작동 등에 대한 보정을 거친 최종자료와 다를 수 있음(잠정자료). 안전·영리 목적 의사결정 활용 책임은 사용자.,PASS(페이지 열람) / 과거자료 없음,2026-09-29,01_raw/KHNP/pages/
S07,법제처,국가법령정보 공동활용 DRF (www.law.go.kr/DRF),법령·행정규칙 본문 XML (OC=test 샘플 ID 사용),"http://www.law.go.kr/DRF/lawSearch.do , lawService.do",REST (XML),Y,첨부 PDF/HWPX 다운로드 (https://www.law.go.kr/LSW/flDownload.do),"OC(사용자 ID) 파라미터 필요 - 본 수집은 문서상 샘플값 OC=test 사용, 정식 사용 시 OC 등록 필요",현행/연혁,-,"조문, 별표, 제개정이유, 첨부파일 링크",XML,OC=test는 샘플용. 장기·대량 사용은 open.law.go.kr 에서 OC 신청 필요 (open.law.go.kr는 본 세션 egress 차단).,"PASS (부분: law.go.kr(no-www) 차단, www.law.go.kr만 허용)",2026-09-29,"01_raw/Law/ , 01_raw/Regulations/"
S08,공공데이터포털(행정안전부),data.go.kr / apis.data.go.kr,"카탈로그 페이지 및 K-water OpenAPI(15099049 다목적댐, 15099047 용수댐, 15099105 댐코드, 15099107 수문제원, 15099110 수문운영정보)",https://www.data.go.kr/data/15099110/openapi.do 등,REST OpenAPI (serviceKey),Y,파일데이터 일부,"serviceKey 필수(활용신청, 자동승인)","다목적댐 1997~, 수문운영정보 2006~ (지점별 상이; 카탈로그 서술)",10분/시간/일,별도 API 보고서 참조,XML/JSON,"개발계정 트래픽 100~10,000/일(API별)",카탈로그 PASS / API 호출은 키 없음 → 401 SERVICE_KEY_IS_NULL 확인,2026-09-29,01_raw/DataGoKr/
S09,기후에너지환경부 한강홍수통제소,표준수문DB OpenAPI (data.go.kr 3040409),"지점별 강수량·수위·유량·댐·보 실시간 수문자료, 홍수특보, 레이더",https://www.data.go.kr/data/3040409/openapi.do (실제 호출 host: api.hrfco.go.kr),"LINK형 OpenAPI (키 필요, hrfco 사이트에서 발급 추정 - 미확인)",Y,-,서비스키 필요(카탈로그: 운영단계 자동승인),카탈로그상 실시간; 보유기간 미확인,10분 등(미확인),강수량·수위·유량·댐자료·보자료,JSON+XML,카탈로그 트래픽: 기관 정책,"카탈로그 PASS / api.hrfco.go.kr·www.hrfco.go.kr 접속 실패(연결 리셋, HTTP 503) → 실제 API 호출 불가",2026-09-29,01_raw/DataGoKr/catalog_pages/3040409.html
S10,행정안전부(재난안전데이터),data.go.kr,"홍수통제소 수위10분(15153508)/우량10분(15150667)/유량분(15150614), 댐제원정보(15153328)",https://www.data.go.kr/data/15153508/openapi.do 등,REST OpenAPI,Y,-,serviceKey 필요; 운영단계 심의승인,카탈로그 미기재,10분,-,JSON/XML,운영단계 심의승인 필요,카탈로그 PASS / 호출 불가(키 없음),2026-09-29,01_raw/DataGoKr/catalog_pages/
S11,기상청,기상자료개방포털 data.kma.go.kr,ASOS/AWS 시간·일자료 조회·다운로드,https://data.kma.go.kr/data/grnd/selectAsosRltmList.do?pgmNo=36,웹 조회(10건 표출) + 파일 다운로드,API허브(apihub.kma.go.kr) - 본 세션 egress 403,CSV/Excel,"조회결과는 10건 표출, 상세 다운로드는 로그인/회원가입 필요(페이지 안내)",-,-,-,CSV/JSON,-,페이지 PASS / apihub.kma.go.kr·www.kma.go.kr egress 403(정책 차단) / 로그인 필요 다운로드 미수행,2026-09-29,01_raw/KMA/pages/
S12,한국수자원공사,opendata.kwater.or.kr,(구) OpenAPI 서비스 host,http://opendata.kwater.or.kr/openapi-data/service/pubd/dam/...,-,-,-,-,-,-,-,-,-,FAIL (egress 403 정책 차단),2026-09-29,04_reports/access_probe*.tsv
S13,"국가수자원관리종합정보시스템(WAMIS, 환경부/한강홍수통제소)",www.wamis.go.kr,수문/댐/관측소 자료 및 OpenAPI,http://www.wamis.go.kr/,웹/OpenAPI,Y(사전 조사 기준; 본 세션 확인 불가),Y(사전 조사 기준),OpenAPI key 필요(미확인),-,-,-,-,-,FAIL (HTTP 503 upstream connect timeout; https는 연결 리셋; wamis.go.kr(no-www) egress 403),2026-09-29,04_reports/access_probe*.tsv
S14,한강홍수통제소,www.hrfco.go.kr / api.hrfco.go.kr,홍수통제소 사이트(방류승인·댐/보 운영 등 공개자료 예상),https://www.hrfco.go.kr/,웹/API,미확인,미확인,미확인,-,-,-,-,-,"FAIL (https 연결 리셋, http 503; hrfco.go.kr(no-www) egress 403)",2026-09-29,04_reports/access_probe*.tsv
S15,환경부(기후에너지환경부),www.me.go.kr,정책자료/고시,https://www.me.go.kr/,웹,-,-,-,-,-,-,-,-,FAIL (egress 403),2026-09-29,04_reports/access_probe.tsv
