source_system,source_field,example_raw_value,official_definition,timezone,interval_semantics,special_case,source_url,source_locator,verification_status
K-water MyWater getHydr(H),SDATE,2021013023 (YYYYMMDDHH),(공식 정의문 없음 — 사이트 페이지/기술문서에 시각 의미 서술 없음),미명시,미확정(구간 시작/종료 표기 불명),"관찰(원자료): 하루 24행 HH=01..24, HH=00 행은 전체 23,067일 중 1건(여주보 1007602, 2021010200)뿐. 창 시작일은 23행인 사례 11건",https://www.water.or.kr/kor/realtime/sumun/index.do?mode=sumun&menuId=13_91_93_94,03_normalized/kwater_mywater_hydr_H_wide.csv.gz (SDATE_raw),PARTIAL (형식·분포 VERIFIED_BY_RAW; 의미 UNRESOLVED)
K-water MyWater getPeriod(H1),SDATE,2021-01-30 23 (YYYY-MM-DD HH),(공식 정의문 없음),미명시,미확정,관찰: HH=01..24 + 00(소수); 창 시작 00시 해당 행은 전일 24로 표기,https://www.water.or.kr/kor/realtime/sumun/index.do?mode=period&menuId=13_91_93_95,03_normalized/kwater_mywater_period_hourly_long.csv.gz,PARTIAL
K-water MyWater getRainTrend(H),SDATE,2020080201..2020080324,(공식 정의문 없음),미명시,미확정,"관찰(검증 호출 2건, 충주댐 소속 관측소 1001420(A)·1002655(C), 2020-08-02~03): 48행, HH=01..24, 00 없음",https://www.water.or.kr/kor/realtime/sumun/index.do?mode=sumun&menuId=13_91_93_94,01_raw/KWater/lookup_probe/*.json,PARTIAL
K-water MyWater getRain(H),SDATE,2021013024 (요청 종료일+24),(공식 정의문 없음),미명시,요청 창 끝 시점 1건(시계열 아님; 관찰),"관찰: 요청 종료일 + ""24""",https://www.water.or.kr/kor/realtime/sumun/index.do?mode=sumun&menuId=13_91_93_94,03_normalized/kwater_mywater_rain_level_window_snapshot_long.csv.gz,PARTIAL
K-water MyWater getHydr(D)/getPeriod(D1),SDATE,20211231 / 2021-12-31,(공식 정의문 없음; 사이트: 일자료는 용수관리 활용),미명시,일 단위; 집계(평균/합/말일값) 규칙 미명시,—,https://www.water.or.kr/kor/realtime/sumun/index.do?mode=period&menuId=13_91_93_95,03_normalized/kwater_mywater_hydr_D_wide.csv.gz,UNRESOLVED (집계 의미)
K-water MyWater 한강현황 페이지(한강수계 운영현황),기준일시,2026-10-01 23:00,"페이지 열 머리글 ""기준일시""",KST로 추정 가능(공식 서술 아님): 재수집 수신 2026-10-01T14:03:26Z(=KST 23:03:26) vs 페이지 기준일시 23:00 (이전 수집 2026-09-29: 수신 UTC 11:59 vs 기준일시 20:50),현재 시점 스냅샷(10분 갱신으로 보임; 근거: 기준일시 22:50/23:00 혼재),관찰 근거: 수신시각과 기준일시의 UTC+9 정합,https://www.water.or.kr/kor/flood/floodstatus/index.do?mode=list&types=1&menuId=16_166_271_272,01_raw/KWater/pages/mywater_floodstatus_hangang_2026-10-01.html (재수집); 01_raw/KWater/pages/mywater_flood_operation_status_2026-09-29.html (기존; 원 요청 URL 미기록),PARTIAL (정합 관찰만; 공식 timezone 서술 없음)
K-water data.go.kr 수문 운영 정보(15099110),obsrdt / obsrdtmnt,"시간별 샘플 ""10-01 01시"", 10분 샘플 ""10-01 00시 10분""","공식 기술문서 v1.5.1: 항목 ""일시""(obsrdt) 설명만 있음",미명시,"미확정. 단 공식 기술문서 샘플은 stdt=eddt=2018-10-01 요청에서 시간 자료가 ""01시""부터, 10분 자료가 ""00시 10분""부터 시작(00시 00분/00시 행 없음) — 구간 종료 기준 라벨링과 일관되나 정의문은 아님",연도 없는 문자열(MM-DD HH시),https://www.data.go.kr/data/15099110/openapi.do ; 참고문서 기술문서_한국수자원공사_수문 운영 정보_v1.5.1.docx,01_raw/DataGoKr/tech_docs/15099110_기술문서_수문_운영_정보_v1.5.1.docx (요청 예시/응답 샘플),PARTIAL (공식 샘플 패턴만; 명시 정의 없음)
K-water data.go.kr 수문 운영 정보(15099110),저수율/저수량 등,—,"공식 설명: 저수량[백만㎥/sec 표기] vs ""[㎥/sec]"" — 단위 표기 불일치(카탈로그 내)",—,—,단위 표기 자체의 오류 가능성은 해석하지 않음,https://www.data.go.kr/data/15099110/openapi.do,01_raw/DataGoKr/catalog_pages/15099110.html,UNRESOLVED
HRFCO 방류승인 CSV,승인년월일시분,2020-08-02,"데이터셋 설명 ""승인일자""",미명시,날짜만(시각 없음; 3929건 전부 10자),머리글(년월일시분)과 값(날짜) 불일치,https://www.data.go.kr/data/15085926/fileData.do,01_raw/FloodControl/pages/datagokr_15085926_fileData.html,PARTIAL (날짜로만 VERIFIED; 시각 없음)
HRFCO 방류승인 CSV,방류시작시간,2020-08-02 18:00,"데이터셋 설명 ""방류 시작시간(년월일시분)""",미명시,"분 단위 시점; HH 00~23; 24시 표기 없음(관찰). 비고에 ""08/16 24:00"" 같은 24:00 표기가 2건 존재(자유 텍스트)",시각의 계획/실제 구분 정의 없음. 승인일보다 앞선 방류시작 날짜 76건(보정 안 함),https://www.data.go.kr/data/15085926/fileData.do,01_raw/FloodControl/환경부_한강홍수통제소_홍수예보_댐방류승인_20220727.csv,PARTIAL (형식 VERIFIED; timezone/의미 UNRESOLVED)
HRFCO 방류승인 CSV,접수일자,2020-08-06,(정의 없음),미명시,날짜만,승인일자와 다른 record 62건,https://www.data.go.kr/data/15085926/fileData.do,01_raw/FloodControl/pages/datagokr_15085926_fileData.html,UNRESOLVED
KHNP 수력 실시간정보 페이지,측정시간,2026-09-29 20:44:50,"페이지 열 ""측정시간""","KST로 추정 가능(공식 서술 아님): 파일 수신 UTC 11:46:35 = KST 20:46:35, 측정시간 20:44:50",현재 스냅샷(실시간/전일 선택),"자료는 ""보정을 거친 최종자료와 다를 수 있음""(페이지 고지 원문)",https://www.khnp.co.kr/main/realTimeMgr.do?key=205&category=water,01_raw/KHNP/pages/khnp_realtime_water.html,PARTIAL
법제처 행정규칙 XML,발령일자/시행일자,20240229 / 20240229,"DRF 응답 항목 <발령일자>,<시행일자>(YYYYMMDD)",날짜만(시각 없음),시행일자부터 효력(해당 버전의 시행일과 다음 연혁 시행일 사이 구간으로 읽는 것은 본 작업의 파생; 법적 효력 종료일 별도 확인 안 함),—,http://www.law.go.kr/DRF/lawSearch.do?target=admrul,01_raw/Law_history/search_admrul_연계운영규정_history_nw2.xml,VERIFIED (항목 형식); 효력 종료는 UNRESOLVED
연계운영규정 제2조,홍수기,6월 21일~9월 20일,"조문: ""홍수기란 홍수 피해가 발생할 가능성이 있는 6월 21일부터 9월 20일까지의 기간""(현행본)",—,날짜 구간(시각 없음),과거 버전에서 같은 정의였는지는 버전별 조문 대조 필요(미수행),http://www.law.go.kr/DRF/lawService.do?target=admrul&ID=2100000282102,01_raw/Law/admrul_2100000282102_*.xml,VERIFIED (현행본만)
