source_id,source_system,source_variable_name(verbatim),raw_field_name,unit_per_source,temporal_resolution,source_definition(verbatim/quoted),definition_source_url,observed_or_calculated,quality_note,"candidate_normalized_concept(제안만, 확정 아님)",mapping_confidence,status
S01,MyWater getPeriod,저수위,selector DATA1 (COLn in periodList),EL.m,10분/30분/시간/일,(MyWater 페이지에 별도 정의문 없음) data.go.kr 15099110: '댐수위[EL.m] : 저수지 수위를 의미',https://www.data.go.kr/data/15099110/openapi.do,UNSPECIFIED (페이지가 관측/계산 여부를 명시하지 않음),10분 자료는 파랑 등에 의한 순간 수위변동으로 실제와 상이 가능(페이지 고지),water level,NOT_ASSESSED,REVIEW_REQUIRED
S01,MyWater getPeriod,저수량,selector DATA2,MCM,동일,data.go.kr 15099110: '저수량[㎥/sec] : 수위를 이용해 계산된 값' (단위 표기가 카탈로그 내 '백만㎥'과 '㎥/sec'로 불일치),https://www.data.go.kr/data/15099110/openapi.do,"CALCULATED (수위로부터 계산, 카탈로그 서술)",카탈로그 내 단위 표기 불일치,storage,NOT_ASSESSED,REVIEW_REQUIRED
S01,MyWater getPeriod,강우량,selector DATA3,mm,동일,"data.go.kr: '일정한 기간 동안 내린 비의 양으로, 넓은 의미로 눈, 싸락눈, 우박, 이슬 및 서리의 양도 포함'",https://www.data.go.kr/data/15099110/openapi.do,UNSPECIFIED (댐 지점 관측인지 유역평균인지 미명시),,rainfall,NOT_ASSESSED,REVIEW_REQUIRED
S01,MyWater getPeriod,유입량,selector DATA4,CMS,동일,MyWater: '댐유역 및 댐의 외부에서 유입되는 유입량의 합(수위변화에 따른 저수량 차이로 계산)' / data.go.kr: '단위 시간당 댐 수위 변화에 따른 저수량의 차이와 단위 시간의 평균방류량을 이용하여 계산',https://www.water.or.kr/kor/realtime/sumun/index.do?mode=sumun&menuId=13_91_93_94,CALCULATED,두 K-water 서술의 문구가 다름. 충주조정지에서 유입량과 자체유입량이 다른 값을 보임(관찰만; 원인 해석 안 함),inflow-related,NOT_ASSESSED,REVIEW_REQUIRED
S01,MyWater getPeriod,자체유입량,selector DATA5,CMS,동일,MyWater: '외부유입량이 없는 댐유역에서만 유출되는 유량',https://www.water.or.kr/kor/realtime/sumun/index.do?mode=sumun&menuId=13_91_93_94,UNSPECIFIED,'유입량'과 다른 변수. 병합 금지,inflow-related (별개 변수),NOT_ASSESSED,REVIEW_REQUIRED
S01,MyWater getPeriod,총방류량,selector DATA6,CMS,동일,MyWater: '저수지에서 공급되는 유량의 합(저수지 상류측 취수량 및 하류측 방류량)' / data.go.kr 15099110: '방류량 : 저수지 등 수체로부터 외부로 유출되는 양',https://www.water.or.kr/kor/realtime/sumun/index.do?mode=sumun&menuId=13_91_93_94,UNSPECIFIED,두 서술의 취수량 포함 여부 표현이 다름. 발전방류/수문방류 구분 항목 미수집,discharge-related,NOT_ASSESSED,REVIEW_REQUIRED
S02,MyWater getHydr,수위,DATA1,EL.m,10분/시간/일,(period의 '저수위'와 동일 항목으로 사이트가 표기하는지 문서 미확인),https://www.water.or.kr/kor/realtime/sumun/index.do?mode=sumun&menuId=13_91_93_94,UNSPECIFIED,period(2자리)와 hydr(3~4자리)는 값이 표시 정밀도 내(최대차 0.005)에서 일치,water level,NOT_ASSESSED,REVIEW_REQUIRED
S02,MyWater getHydr,저수량,DATA2,MCM,동일,(위와 동일),https://www.water.or.kr/kor/realtime/sumun/index.do?mode=sumun&menuId=13_91_93_94,CALCULATED,,storage,NOT_ASSESSED,REVIEW_REQUIRED
S02,MyWater getHydr,강우량,DATA3,mm,동일,(위와 동일),https://www.water.or.kr/kor/realtime/sumun/index.do?mode=sumun&menuId=13_91_93_94,UNSPECIFIED,,rainfall,NOT_ASSESSED,REVIEW_REQUIRED
S02,MyWater getHydr,유입량,DATA4,CMS,동일,MyWater 페이지 정의문 (위와 동일),https://www.water.or.kr/kor/realtime/sumun/index.do?mode=sumun&menuId=13_91_93_94,CALCULATED,,inflow-related,NOT_ASSESSED,REVIEW_REQUIRED
S02,MyWater getHydr,(사이트 미표시),DATA5,,동일,사이트 JS가 표시하지 않음; 의미 미확정,https://www.water.or.kr/kor/realtime/sumun/index.do?mode=sumun&menuId=13_91_93_94,UNKNOWN,period의 자체유입량 selector(DATA5)와 같은 의미인지 미검증,,NOT_ASSESSED,UNRESOLVED
S02,MyWater getHydr,총방류량,DATA6,CMS,동일,MyWater 정의문 (위와 동일),https://www.water.or.kr/kor/realtime/sumun/index.do?mode=sumun&menuId=13_91_93_94,UNSPECIFIED,,discharge-related,NOT_ASSESSED,REVIEW_REQUIRED
S02,MyWater getHydr,저수율,DATA7,%,동일,MyWater: '유효저수율(이수목적 활용): 유효저수용량(상시만수위~저수위)에 대한 현재 수위 유효저수량의 비율' / data.go.kr: '계획홍수위 기준(용수댐: 상시만수위 기준) 저수용량(총저수용량)에 대한 현재 저수량의 비율',https://www.data.go.kr/data/15099110/openapi.do,CALCULATED,"같은 K-water의 두 문서가 서로 다른 정의를 서술. 수치 검증: 한강 K-water 댐 다수에서 저수율≈저수량/총저수용량(중앙 절대차 0.003%p, 충주조정지 제외: 중앙차 43%p, 광동댐 최대 3.6%p) — 정의 확정 아님",storage rate,NOT_ASSESSED,REVIEW_REQUIRED
S04,MyWater getRain (A),지점명 / 시간우량 / 누적우량,"DATA1 / DATA2 / DATA3, OBS_CD",- / mm / mm,요청 창 끝 시점 1건,"사이트 표 머리글(시간우량(mm), 누적우량(mm)); 일자 조회 시 '일간우량'",https://www.water.or.kr/kor/realtime/sumun/index.do?mode=sumun&menuId=13_91_93_94,UNSPECIFIED,응답이 기간 시계열이 아니라 요청 종료일(24시) 시점 1건(관찰). 누적 기준 시점 미확인,rainfall (station),NOT_ASSESSED,REVIEW_REQUIRED
S04,MyWater getRain (C),지점명 / 수위 / 유량,"DATA1 / DATA2 / DATA3, OBS_CD",- / m / CMS,요청 창 끝 시점 1건,"사이트 표 머리글(수위(m), 유량(CMS))",https://www.water.or.kr/kor/realtime/sumun/index.do?mode=sumun&menuId=13_91_93_94,UNSPECIFIED,수위 단위가 댐수위(EL.m)와 다름(m). 유량이 관측인지 수위-유량 곡선 환산인지 미명시,water level / discharge (station),NOT_ASSESSED,REVIEW_REQUIRED
S03,MyWater getBasic,제원 DATA1-18,DATA1..DATA18,dam_catalog_kwater_basic.csv 머리글 참조,스냅샷,"사이트 표 머리글 (높이 m, 길이 m, 정상표고 EL.m, 체적 천m3, 유역면적 km2, 연간용수공급용량 MCM, 저수면적 km2, 계획홍수위/상시만수위/홍수기제한수위/월류정표고/저수위 EL.m, 총저수용량/유효저수량/홍수조절용량 MCM, 사업기간, 댐형식)",https://www.water.or.kr/kor/realtime/sumun/index.do?mode=sumun&menuId=13_91_93_94,STATIC,보(weir) 레이아웃은 필드 매핑이 다름(원본 보존만),,NOT_ASSESSED,REVIEW_REQUIRED
S06,KHNP 수력 실시간정보,댐수위,(HTML 표 행),EL.m,실시간/전일,(정의문 없음),https://www.khnp.co.kr/main/realTimeMgr.do?key=205&category=water,UNSPECIFIED,페이지 고지: 보정을 거친 최종자료와 다를 수 있음(잠정),water level,NOT_ASSESSED,REVIEW_REQUIRED
S06,KHNP 수력 실시간정보,유입량,(HTML 표 행),㎥/s,실시간/전일,(정의문 없음),https://www.khnp.co.kr/main/realTimeMgr.do?key=205&category=water,UNSPECIFIED,K-water 유입량과 동일 정의인지 미확인,inflow-related,NOT_ASSESSED,REVIEW_REQUIRED
S06,KHNP 수력 실시간정보,방류량,(HTML 표 행),㎥/s,실시간/전일,(정의문 없음),https://www.khnp.co.kr/main/realTimeMgr.do?key=205&category=water,UNSPECIFIED,K-water '총방류량'과 동일시 금지,discharge-related,NOT_ASSESSED,REVIEW_REQUIRED
S06,KHNP 수력 실시간정보,강우량,(HTML 표 행),mm,실시간/전일,(정의문 없음),https://www.khnp.co.kr/main/realTimeMgr.do?key=205&category=water,UNSPECIFIED,,rainfall,NOT_ASSESSED,REVIEW_REQUIRED
S07,연계운영규정 별표3,홍수기 제한수위 / 시설별 최저 운영수위,(별표 표),EL.m,기준값(규범),규정 별표3 (제6조 관련),http://www.law.go.kr/DRF/lawService.do?OC=test&target=admrul&ID=2100000282102&type=XML,NORMATIVE (측정값 아님),"각주: 상시만수위 대체 표기, 시범운영 기간 적용 수위 등",,NOT_ASSESSED,REVIEW_REQUIRED
S07,연계운영규정 제2조,홍수기,(조문),기간,-,'홍수기란 홍수 피해가 발생할 가능성이 있는 6월 21일부터 9월 20일까지의 기간',http://www.law.go.kr/DRF/lawService.do?OC=test&target=admrul&ID=2100000282102&type=XML,NORMATIVE,※ 본 수집의 10분 자료 구간은 6/21~9/30(상위 구간)으로 요청함,,NOT_ASSESSED,REVIEW_REQUIRED
S08,data.go.kr K-water 15099110 (미수집),obsrdt/lowlevel/rf/inflowqy/totdcwtrqy/rsvwtqy/rsvwtrt,응답 element,일시/EL.m/㎜/㎥/sec/㎥/sec/백만㎥/%,10분/시간/일,카탈로그 응답 항목표,https://www.data.go.kr/data/15099110/openapi.do,(미수집; 키 필요),MyWater와 field 이름이 다름 → 이후 교차검증 시 매핑은 REVIEW_REQUIRED,,NOT_ASSESSED,NOT_COLLECTED
S16,HRFCO 댐방류승인 CSV,순차번호,순차번호,-,record,순차 번호(1~3929),https://www.data.go.kr/data/15085926/fileData.do,RECORD,결번·중복 없음,,NOT_ASSESSED,OK
S16,HRFCO 댐방류승인 CSV,관측소코드 / 관측소명,"관측소코드, 관측소명",-,record,"데이터셋 설명: '순차번호, 댐 관측소 코드, 댐 관측소 명, 승인일자, 방류 시작시간(년월일시분), 접수 방류량(단위 : CMS), 접수일자, 비고'",https://www.data.go.kr/data/15085926/fileData.do,RECORD,MyWater DAM_CD와 일부 동일(보 3곳은 다름) — 동일시설 확정 REVIEW_REQUIRED,dam identifier / name,NOT_ASSESSED,REVIEW_REQUIRED
S16,HRFCO 댐방류승인 CSV,승인년월일시분,승인년월일시분,날짜(YYYY-MM-DD),record,헤더는 '년월일시분'이나 값은 날짜만 존재. 데이터셋 설명은 '승인일자',https://www.data.go.kr/data/15085926/fileData.do,RECORD,,approval date,NOT_ASSESSED,REVIEW_REQUIRED
S16,HRFCO 댐방류승인 CSV,방류시작시간,방류시작시간,YYYY-MM-DD HH:MM,record,'방류 시작시간(년월일시분)',https://www.data.go.kr/data/15085926/fileData.do,RECORD,시간대 미명시. 방류시작 날짜가 승인일보다 앞선 행 76건(보정 안 함),release start time,NOT_ASSESSED,REVIEW_REQUIRED
S16,HRFCO 댐방류승인 CSV,접수방류량,접수방류량,CMS(데이터셋 설명),record,'접수 방류량(단위 : CMS)'. 승인 요청 접수 기준 명칭,https://www.data.go.kr/data/15085926/fileData.do,RECORD,승인방류량과 동일한지 미확인; 실제 방류량(측정값)과 동일시 금지. 공란 4건,approved release amount (후보),NOT_ASSESSED,REVIEW_REQUIRED
S16,HRFCO 댐방류승인 CSV,접수일자,접수일자,YYYY-MM-DD,record,'접수일자',https://www.data.go.kr/data/15085926/fileData.do,RECORD,승인일자와 다른 행 62건,request date,NOT_ASSESSED,REVIEW_REQUIRED
S16,HRFCO 댐방류승인 CSV,비고,비고,자유 텍스트,record,"'비고 데이터는 초기방류 사항 및 수문전폐(발전방류만 시행 등) 사항, 방류시간 변경사항, 이전 방류와 비교하여 증가 및 감소하는 방류량 등 특이사항을 기록합니다.'",https://www.data.go.kr/data/15085926/fileData.do,RECORD,원문 그대로 보존. Rationale/Operation으로 자동 해석 금지. 방류기간(종료시각)이 자유 텍스트에 포함된 record 존재(컬럼으로 분리하지 않음),note (as-is),NOT_ASSESSED,REVIEW_REQUIRED
