resolution,group,variable_selector,cells_present,None,empty_str,str_numeric,json_number,key_absent
D1,group1,DATA1,56619,0,0,56619,0,0
D1,group1,DATA2,56619,0,0,56619,0,0
D1,group1,DATA3,56619,0,0,56619,0,0
D1,group1,DATA4,56619,0,0,56619,0,0
D1,group1,DATA5,56619,0,0,56619,0,0
D1,group1,DATA6,56619,0,0,56619,0,0
D1,group2,DATA1,29358,0,0,29358,0,0
D1,group2,DATA2,29358,0,0,29358,0,0
D1,group2,DATA3,29358,0,0,29358,0,0
D1,group2,DATA4,29358,0,0,29358,0,0
D1,group2,DATA5,29358,0,0,29358,0,0
D1,group2,DATA6,29358,0,0,29358,0,0
D1,group3,DATA1,41940,0,0,41940,0,0
D1,group3,DATA2,41940,0,0,41940,0,0
D1,group3,DATA3,41932,0,0,41932,0,8
D1,group3,DATA4,41940,0,0,41940,0,0
D1,group3,DATA5,41940,0,0,41940,0,0
D1,group3,DATA6,41940,0,0,41940,0,0
H1,group1,DATA1,1358848,0,0,1358848,0,8
H1,group1,DATA2,1358848,0,0,1358848,0,8
H1,group1,DATA3,1166523,0,0,1166523,0,192333
H1,group1,DATA4,1358848,0,0,1358848,0,8
H1,group1,DATA5,19440,0,0,19440,0,0
M1,group1,DATA1,793152,0,0,793152,0,0
M1,group1,DATA2,532656,0,0,532656,0,0
M1,group1,DATA3,396576,0,0,396576,0,0
M1,group1,DATA4,396576,0,0,396576,0,0
M1,group1,DATA5,396576,0,0,396576,0,0
M1,group1,DATA6,396576,0,0,396576,0,0
