case_id,관측소명,승인년월일시분,방류시작시간,접수방류량,접수일자,비고(verbatim)
AP-3412,충주,2020-08-02,2020-08-02 18:00,3000,2020-08-02,
AP-3519,충주,2020-08-06,2020-08-02 18:00,7000,2020-08-06,방류기간 (당초) 08/02 18:00 ~ 08/12 18:00 (변경) 08/02 18:00 ~ 08/16 24:00 방류량(당초) 3000㎥/s(변경) 7000㎥/s
AP-3647,충주,2020-08-12,2020-08-06 06:00,7000,2020-08-12,수문방류 변경승인(방류기간연장)  최대방류량내 탄력적 방류방류기간 (당초) 08/06 06:00 ~ 08/17 00:00 (변경) 08/06 06:00 ~ 08/22 00:00 
AP-3771,충주,2020-09-02,2020-09-03 12:00,2000,2020-09-02,(충주댐 수문방류 승인 최대 2000㎥/s)
AP-3475,횡성,2020-08-04,2020-08-04 15:00,300,2020-08-04,횡성댐 방류승인 최대 300㎥/s (강우상황에 따라 방류량 탄력 조절예정)
AP-3648,횡성,2020-08-12,2020-08-04 15:00,300,2020-08-12,수문방류 변경승인(방류기간연장)  최대방류량내 탄력적 방류방류기간 (당초) 08/04 15:00 ~ 08/15 00:00 (변경) 08/04 15:00 ~ 08/22 00:00 
AP-3732,횡성,2020-08-26,2020-08-26 16:00,50,2020-08-26,(발전방류 포함)
AP-3503,소양강,2020-08-05,2020-08-05 15:00,3000,2020-08-05,
AP-3646,소양강,2020-08-12,2020-08-05 15:00,3000,2020-08-12,수문방류 변경승인(방류기간연장)  최대방류량내 탄력적 방류방류기간 (당초) 08/05 15:00 ~ 08/16 00:00 (변경) 08/05 15:00 ~ 08/22 00:00 
AP-3770,소양강,2020-09-02,2020-09-03 12:00,1000,2020-09-02,(소양강댐 수문방류 승인 최대 1000㎥/s)
