timestamp_label(SDATE),dam,DATA1_수위(EL.m),DATA4_유입량(CMS),DATA6_총방류량(CMS),DATA3_강우량(mm)
2020080214,충주댐(1003110),138.79,6267.739,717.739,0.119
2020080215,충주댐(1003110),139,5597.217,716.106,0.115
2020080216,충주댐(1003110),139.2,5377.487,706.931,0.833
2020080217,충주댐(1003110),139.37,4693.654,707.265,0.711
2020080218,충주댐(1003110),139.55,4945.201,707.145,1.901
2020080219,충주댐(1003110),139.69,4015.509,707.453,0.273
2020080220,충주댐(1003110),139.82,3789.111,708,0.083
2020080221,충주댐(1003110),139.93,3322.332,707.888,0
2020080222,충주댐(1003110),140.03,3080.526,698.304,0
2020080214,충주조정지(1003611),63.59,1596.445,1612.084,0
2020080215,충주조정지(1003611),63.61,1494.19,1462.857,0
2020080216,충주조정지(1003611),63.63,1394.264,1362.708,0
2020080217,충주조정지(1003611),63.64,1297.602,1281.741,2.694
2020080218,충주조정지(1003611),63.62,1218.218,1249.885,2.82
2020080219,충주조정지(1003611),63.64,1190.454,1158.787,0
2020080220,충주조정지(1003611),63.65,1147.403,1131.486,0
2020080221,충주조정지(1003611),63.63,1086.347,1118.125,0
2020080222,충주조정지(1003611),63.63,1060.765,1060.765,0
