dam_id_source,dam_name_source,organization,river_label(source),총저수용량(MCM)[DATA13],유역면적(km2)[DATA5],홍수기제한수위(EL.m)[DATA10],계획홍수위(EL.m)[DATA8]
1001210,광동댐,한국수자원공사,한강,13.13,125,672,675.3
1003110,충주댐,한국수자원공사,한강,2750,6648,138,145
1003611,충주조정지,한국수자원공사,한강,30,97,0,67.3
1006110,횡성댐,한국수자원공사,한강,86.9,209,178.2,180
1007601,강천보,한국수자원공사,한강,,,,
1007602,여주보,한국수자원공사,한강,,,,
1007603,이포보,한국수자원공사,한강,,,,
1009710,평화의댐,한국수자원공사,,2630,3208,0,264.6
1012110,소양강댐,한국수자원공사,한강,2900,2703,190.3,198
1021701,군남댐,한국수자원공사,,71.6,4191,23,40
1022701,한탄강댐,한국수자원공사,,270,1279,47,114.4
